ndTE,work,cost,abdominal_mass,spring_constant,length_scale,petiole_length
0.6476850000000001,0.00021,41.536336999999996,0.1,0.1,1.0,0.0
0.700724,0.00020099999999999998,41.135751,0.1,0.1,1.0,0.0
0.656883,0.000205,45.212708,0.1,0.1,1.0,0.0
0.693074,0.000199,41.141273,0.1,0.1,1.0,0.0
0.672795,0.000198,40.021376000000004,0.1,0.1,1.0,0.0
0.665195,0.000198,41.194767,0.1,0.1,1.0,0.0
0.692048,0.0002,41.189565,0.1,0.1,1.0,0.0
0.6414350000000001,0.0002,42.283052000000005,0.1,0.1,1.0,0.0
0.695274,0.000204,43.580584,0.1,0.1,1.0,0.0
0.666471,0.000199,41.009945,0.1,0.1,1.0,0.0
0.643351,0.00021,41.852273,0.1,0.1,1.0,0.0
0.637441,0.000195,40.829938,0.1,0.1,1.0,0.0
0.715518,0.00021099999999999998,39.831237,0.1,0.1,1.0,0.0
0.684999,0.000206,40.518113,0.1,0.1,1.0,0.0
0.649238,0.000195,44.729126,0.1,0.1,1.0,0.0
0.622474,0.000198,44.732353,0.1,0.1,1.0,0.0
0.736889,0.000215,42.979663,0.1,0.1,1.0,0.0
0.6607609999999999,0.000199,42.175169,0.1,0.1,1.0,0.0
0.648701,0.000202,42.422729,0.1,0.1,1.0,0.0
0.677268,0.000199,41.827243,0.1,0.1,1.0,0.0
0.6304890000000001,0.000197,41.769659000000004,0.1,0.1,1.0,0.0
0.693164,0.000205,41.327639000000005,0.1,0.1,1.0,0.0
0.609246,0.000198,40.447027,0.1,0.1,1.0,0.0
0.592992,0.000198,43.141498,0.1,0.1,1.0,0.0
0.694948,0.00020899999999999998,39.400698999999996,0.1,0.1,1.0,0.0
0.6762229999999999,0.0002,41.009475,0.1,0.1,1.0,0.0
0.688041,0.00020899999999999998,42.838043,0.1,0.1,1.0,0.0
0.690607,0.00020899999999999998,40.768903,0.1,0.1,1.0,0.0
0.703403,0.00021400000000000002,39.912073,0.1,0.1,1.0,0.0
0.625437,0.000198,48.803434,0.1,0.1,1.0,0.0
0.6491640000000001,0.000206,41.501228999999995,0.1,0.1,1.0,0.0
0.65873,0.00020299999999999997,43.596412,0.1,0.1,1.0,0.0
0.644011,0.000197,41.240899,0.1,0.1,1.0,0.0
0.637439,0.000197,42.962746,0.1,0.1,1.0,0.0
0.681983,0.000198,40.408892,0.1,0.1,1.0,0.0
0.6093649999999999,0.000196,42.675599,0.1,0.1,1.0,0.0
0.646249,0.00020800000000000001,44.820254,0.1,0.1,1.0,0.0
0.6460020000000001,0.000202,43.108340999999996,0.1,0.1,1.0,0.0
0.646021,0.000199,39.040382,0.1,0.1,1.0,0.0
0.643931,0.000195,44.774386,0.1,0.1,1.0,0.0
0.65137,0.00020299999999999997,43.313994,0.1,1.0,1.0,0.0
0.675271,0.00021099999999999998,44.193498999999996,0.1,1.0,1.0,0.0
0.675918,0.000207,45.672259999999994,0.1,1.0,1.0,0.0
0.644644,0.000192,42.240603,0.1,1.0,1.0,0.0
0.697388,0.00021,39.604352,0.1,1.0,1.0,0.0
0.7046319999999999,0.00020299999999999997,40.726263,0.1,1.0,1.0,0.0
0.6800609999999999,0.000205,41.425503000000006,0.1,1.0,1.0,0.0
0.686531,0.000202,39.563140999999995,0.1,1.0,1.0,0.0
0.672737,0.000198,39.30175,0.1,1.0,1.0,0.0
0.6860149999999999,0.000199,43.720032,0.1,1.0,1.0,0.0
0.642754,0.000202,43.140619,0.1,1.0,1.0,0.0
0.66867,0.000204,60.342013,0.1,1.0,1.0,0.0
0.67702,0.00020299999999999997,44.079166,0.1,1.0,1.0,0.0
0.702662,0.000206,43.233383,0.1,1.0,1.0,0.0
0.607486,0.000194,43.369728,0.1,1.0,1.0,0.0
0.638865,0.000196,42.967304,0.1,1.0,1.0,0.0
0.632131,0.000199,41.761629,0.1,1.0,1.0,0.0
0.680702,0.000197,41.840605,0.1,1.0,1.0,0.0
0.683891,0.00021,40.368425,0.1,1.0,1.0,0.0
0.666626,0.000202,48.807015,0.1,1.0,1.0,0.0
0.6629520000000001,0.000194,43.555502000000004,0.1,1.0,1.0,0.0
0.703229,0.000202,39.35581,0.1,1.0,1.0,0.0
0.646147,0.000202,44.631422,0.1,1.0,1.0,0.0
0.6718689999999999,0.00020099999999999998,40.325943,0.1,1.0,1.0,0.0
0.646794,0.0002,42.675369,0.1,1.0,1.0,0.0
0.654275,0.00020099999999999998,42.761446,0.1,1.0,1.0,0.0
0.642338,0.000199,43.049727000000004,0.1,1.0,1.0,0.0
0.667142,0.000204,42.519814000000004,0.1,1.0,1.0,0.0
0.65503,0.000206,42.968576,0.1,1.0,1.0,0.0
0.63353,0.000196,43.755802,0.1,1.0,1.0,0.0
0.69384,0.00020299999999999997,41.003429,0.1,1.0,1.0,0.0
0.667351,0.00020099999999999998,43.735907,0.1,1.0,1.0,0.0
0.7461939999999999,0.000205,39.624728999999995,0.1,1.0,1.0,0.0
0.6355850000000001,0.000195,42.931375,0.1,1.0,1.0,0.0
0.6385609999999999,0.000195,42.963208,0.1,1.0,1.0,0.0
0.637225,0.000194,42.799577,0.1,1.0,1.0,0.0
0.653674,0.000206,42.326685999999995,0.1,1.0,1.0,0.0
0.674921,0.000206,44.627216,0.1,1.0,1.0,0.0
0.671597,0.000199,39.384421,0.1,1.0,1.0,0.0
0.6868920000000001,0.00020099999999999998,43.247894,0.1,1.0,1.0,0.0
0.672668,0.000196,40.115466999999995,0.1,10.0,1.0,0.0
0.639941,0.000198,42.490056,0.1,10.0,1.0,0.0
0.618997,0.000199,42.844827,0.1,10.0,1.0,0.0
0.647784,0.000193,42.250513,0.1,10.0,1.0,0.0
0.6707069999999999,0.000202,40.877373,0.1,10.0,1.0,0.0
0.605391,0.00018899999999999999,40.458375,0.1,10.0,1.0,0.0
0.641874,0.000196,41.244119,0.1,10.0,1.0,0.0
0.698332,0.0002,41.797631,0.1,10.0,1.0,0.0
0.699734,0.000198,40.448731,0.1,10.0,1.0,0.0
0.6503909999999999,0.000193,48.819059,0.1,10.0,1.0,0.0
0.610585,0.000199,42.532231,0.1,10.0,1.0,0.0
0.657353,0.000196,39.987495,0.1,10.0,1.0,0.0
0.6611199999999999,0.00019099999999999998,44.261796000000004,0.1,10.0,1.0,0.0
0.664194,0.00020099999999999998,41.496342999999996,0.1,10.0,1.0,0.0
0.6874020000000001,0.000195,38.417862,0.1,10.0,1.0,0.0
0.664538,0.00019099999999999998,41.178252,0.1,10.0,1.0,0.0
0.59716,0.000195,45.128721,0.1,10.0,1.0,0.0
0.680671,0.000199,42.461967,0.1,10.0,1.0,0.0
0.637043,0.000194,44.766834,0.1,10.0,1.0,0.0
0.626352,0.000194,43.525199,0.1,10.0,1.0,0.0
0.643957,0.000195,37.912927,0.1,10.0,1.0,0.0
0.6847949999999999,0.00020299999999999997,39.891288,0.1,10.0,1.0,0.0
0.6098680000000001,0.00018700000000000002,42.351495,0.1,10.0,1.0,0.0
0.719774,0.000199,42.277317,0.1,10.0,1.0,0.0
0.628654,0.000188,42.56801,0.1,10.0,1.0,0.0
0.657048,0.000194,40.94252,0.1,10.0,1.0,0.0
0.670585,0.000198,41.716094,0.1,10.0,1.0,0.0
0.626429,0.000198,44.870882,0.1,10.0,1.0,0.0
0.67161,0.000197,44.317021999999994,0.1,10.0,1.0,0.0
0.66195,0.000207,41.926755,0.1,10.0,1.0,0.0
0.705961,0.000206,40.373385,0.1,10.0,1.0,0.0
0.701263,0.000195,39.407176,0.1,10.0,1.0,0.0
0.6798489999999999,0.000199,39.287953,0.1,10.0,1.0,0.0
0.653837,0.000194,43.881195,0.1,10.0,1.0,0.0
0.63467,0.000192,40.978291999999996,0.1,10.0,1.0,0.0
0.6631670000000001,0.000195,39.490121,0.1,10.0,1.0,0.0
0.6025189999999999,0.000192,37.925553,0.1,10.0,1.0,0.0
0.625456,0.00018899999999999999,42.327814000000004,0.1,10.0,1.0,0.0
0.6231359999999999,0.000188,43.178074,0.1,10.0,1.0,0.0
0.710464,0.0002,38.800292,0.1,10.0,1.0,0.0
0.211808,0.000154,102.065055,1.0,0.1,1.0,0.0
0.215621,0.000151,96.09186700000001,1.0,0.1,1.0,0.0
0.2057,0.000152,103.264447,1.0,0.1,1.0,0.0
0.20655199999999999,0.00015,104.93159299999999,1.0,0.1,1.0,0.0
0.204207,0.000147,107.114147,1.0,0.1,1.0,0.0
0.20419500000000002,0.000147,104.90805800000001,1.0,0.1,1.0,0.0
0.21746100000000002,0.000153,99.193122,1.0,0.1,1.0,0.0
0.215574,0.000153,107.95213100000001,1.0,0.1,1.0,0.0
0.21415599999999999,0.000154,97.202414,1.0,0.1,1.0,0.0
0.21207199999999998,0.000154,103.223034,1.0,0.1,1.0,0.0
0.229321,0.00015900000000000002,116.35329499999999,1.0,0.1,1.0,0.0
0.197072,0.000147,110.19905,1.0,0.1,1.0,0.0
0.221671,0.000152,104.060287,1.0,0.1,1.0,0.0
0.202576,0.000148,106.370153,1.0,0.1,1.0,0.0
0.20463499999999998,0.000152,119.399049,1.0,0.1,1.0,0.0
0.215527,0.00015,98.06071999999999,1.0,0.1,1.0,0.0
0.205969,0.000148,108.284821,1.0,0.1,1.0,0.0
0.20784499999999997,0.00015,104.759472,1.0,0.1,1.0,0.0
0.21410700000000002,0.000155,107.260451,1.0,0.1,1.0,0.0
0.21552,0.000153,103.690912,1.0,0.1,1.0,0.0
0.20363599999999998,0.000145,106.04025800000001,1.0,0.1,1.0,0.0
0.203092,0.000151,101.146704,1.0,0.1,1.0,0.0
0.203266,0.000155,104.424764,1.0,0.1,1.0,0.0
0.21809800000000001,0.000156,103.24034499999999,1.0,0.1,1.0,0.0
0.21621100000000001,0.000151,101.032211,1.0,0.1,1.0,0.0
0.204034,0.000149,101.41788100000001,1.0,0.1,1.0,0.0
0.201648,0.000146,104.94280900000001,1.0,0.1,1.0,0.0
0.189638,0.000151,108.192291,1.0,0.1,1.0,0.0
0.206177,0.000154,111.203022,1.0,0.1,1.0,0.0
0.20804699999999998,0.000147,101.60945799999999,1.0,0.1,1.0,0.0
0.19759000000000002,0.000148,104.84461800000001,1.0,0.1,1.0,0.0
0.22267699999999999,0.00015,109.22703999999999,1.0,0.1,1.0,0.0
0.211223,0.000152,106.42591399999999,1.0,0.1,1.0,0.0
0.20866500000000002,0.000148,102.64019300000001,1.0,0.1,1.0,0.0
0.21270999999999998,0.000155,107.411957,1.0,0.1,1.0,0.0
0.200024,0.000156,106.73220400000001,1.0,0.1,1.0,0.0
0.203773,0.000152,111.909341,1.0,0.1,1.0,0.0
0.20679099999999997,0.000151,102.929203,1.0,0.1,1.0,0.0
0.21397,0.000151,96.212776,1.0,0.1,1.0,0.0
0.207069,0.000155,107.46047,1.0,0.1,1.0,0.0
0.207208,0.000145,98.972791,1.0,1.0,1.0,0.0
0.217171,0.000146,113.32749,1.0,1.0,1.0,0.0
0.19434300000000002,0.000149,105.54063400000001,1.0,1.0,1.0,0.0
0.206092,0.00015,97.482537,1.0,1.0,1.0,0.0
0.21215599999999998,0.000153,100.956683,1.0,1.0,1.0,0.0
0.22350599999999998,0.000153,94.487502,1.0,1.0,1.0,0.0
0.219915,0.00015,103.73139499999999,1.0,1.0,1.0,0.0
0.222063,0.00015,94.757114,1.0,1.0,1.0,0.0
0.200914,0.000152,113.56386599999999,1.0,1.0,1.0,0.0
0.21342399999999997,0.000151,96.569024,1.0,1.0,1.0,0.0
0.21928499999999998,0.000157,104.552663,1.0,1.0,1.0,0.0
0.207774,0.000153,101.695724,1.0,1.0,1.0,0.0
0.210835,0.000152,104.665563,1.0,1.0,1.0,0.0
0.20376,0.000151,101.85707,1.0,1.0,1.0,0.0
0.21442399999999998,0.000151,105.907026,1.0,1.0,1.0,0.0
0.21311,0.000152,102.74525200000001,1.0,1.0,1.0,0.0
0.214991,0.000149,96.990873,1.0,1.0,1.0,0.0
0.22281399999999998,0.000156,98.17796,1.0,1.0,1.0,0.0
0.20719400000000002,0.000156,107.936771,1.0,1.0,1.0,0.0
0.204895,0.000144,106.61573100000001,1.0,1.0,1.0,0.0
0.21904,0.000153,110.01657900000001,1.0,1.0,1.0,0.0
0.201695,0.00015,113.138056,1.0,1.0,1.0,0.0
0.211654,0.000148,101.551147,1.0,1.0,1.0,0.0
0.20903400000000003,0.000151,109.40311499999999,1.0,1.0,1.0,0.0
0.210668,0.000144,97.975664,1.0,1.0,1.0,0.0
0.214707,0.000154,104.985611,1.0,1.0,1.0,0.0
0.208031,0.00015,98.142768,1.0,1.0,1.0,0.0
0.21179099999999998,0.000147,97.325013,1.0,1.0,1.0,0.0
0.20632899999999998,0.000147,94.928441,1.0,1.0,1.0,0.0
0.198108,0.000149,102.57204399999999,1.0,1.0,1.0,0.0
0.215313,0.000156,108.519899,1.0,1.0,1.0,0.0
0.195712,0.000151,104.04269000000001,1.0,1.0,1.0,0.0
0.18981800000000001,0.000151,112.670606,1.0,1.0,1.0,0.0
0.227729,0.000151,99.7363,1.0,1.0,1.0,0.0
0.20848699999999998,0.000144,106.398182,1.0,1.0,1.0,0.0
0.210562,0.000153,96.55069300000001,1.0,1.0,1.0,0.0
0.205184,0.000151,111.666677,1.0,1.0,1.0,0.0
0.21329099999999998,0.00015,98.235958,1.0,1.0,1.0,0.0
0.207348,0.00015,105.936282,1.0,1.0,1.0,0.0
0.213457,0.000151,102.58680600000001,1.0,1.0,1.0,0.0
0.21406599999999998,0.000149,117.57608400000001,1.0,10.0,1.0,0.0
0.196596,0.000144,112.124365,1.0,10.0,1.0,0.0
0.215148,0.000148,101.595557,1.0,10.0,1.0,0.0
0.20892399999999997,0.000149,97.169302,1.0,10.0,1.0,0.0
0.224555,0.000149,97.799252,1.0,10.0,1.0,0.0
0.20749099999999998,0.000149,96.187003,1.0,10.0,1.0,0.0
0.19780999999999999,0.000143,104.708151,1.0,10.0,1.0,0.0
0.200741,0.000144,96.753842,1.0,10.0,1.0,0.0
0.210954,0.00015,102.995812,1.0,10.0,1.0,0.0
0.20495700000000003,0.000149,97.090648,1.0,10.0,1.0,0.0
0.20600000000000002,0.000144,105.62678400000001,1.0,10.0,1.0,0.0
0.201073,0.000144,103.265281,1.0,10.0,1.0,0.0
0.212961,0.000154,114.64501100000001,1.0,10.0,1.0,0.0
0.194492,0.000146,114.37323300000001,1.0,10.0,1.0,0.0
0.213711,0.000149,99.289528,1.0,10.0,1.0,0.0
0.206366,0.000143,98.575137,1.0,10.0,1.0,0.0
0.200455,0.000144,98.866996,1.0,10.0,1.0,0.0
0.195659,0.000147,101.641914,1.0,10.0,1.0,0.0
0.207688,0.00014199999999999998,104.675801,1.0,10.0,1.0,0.0
0.19559200000000002,0.000145,106.493674,1.0,10.0,1.0,0.0
0.19497799999999998,0.00014199999999999998,94.143123,1.0,10.0,1.0,0.0
0.21545999999999998,0.000146,92.574268,1.0,10.0,1.0,0.0
0.214267,0.000151,106.821913,1.0,10.0,1.0,0.0
0.19530699999999998,0.000149,107.824297,1.0,10.0,1.0,0.0
0.20741700000000002,0.000149,96.471098,1.0,10.0,1.0,0.0
0.204347,0.000149,97.030402,1.0,10.0,1.0,0.0
0.200522,0.000148,98.680941,1.0,10.0,1.0,0.0
0.21183000000000002,0.000148,98.43068000000001,1.0,10.0,1.0,0.0
0.20921700000000001,0.000148,102.42045,1.0,10.0,1.0,0.0
0.20341700000000001,0.000144,109.490778,1.0,10.0,1.0,0.0
0.197958,0.000143,105.522038,1.0,10.0,1.0,0.0
0.21185700000000002,0.000145,89.02029499999999,1.0,10.0,1.0,0.0
0.22333499999999998,0.000147,95.065039,1.0,10.0,1.0,0.0
0.194523,0.000143,103.107744,1.0,10.0,1.0,0.0
0.204705,0.000148,96.658312,1.0,10.0,1.0,0.0
0.21811599999999998,0.000144,94.529899,1.0,10.0,1.0,0.0
0.211193,0.000152,99.16280400000001,1.0,10.0,1.0,0.0
0.19877899999999998,0.000149,100.83917,1.0,10.0,1.0,0.0
0.204779,0.000145,97.899661,1.0,10.0,1.0,0.0
0.195077,0.000144,99.18239,1.0,10.0,1.0,0.0
0.087138,0.000165,296.912149,10.0,0.1,1.0,0.0
0.091103,0.000165,286.279416,10.0,0.1,1.0,0.0
0.091296,0.000165,306.747968,10.0,0.1,1.0,0.0
0.085082,0.00016299999999999998,292.62036800000004,10.0,0.1,1.0,0.0
0.092097,0.000167,281.922239,10.0,0.1,1.0,0.0
0.082178,0.000156,276.708232,10.0,0.1,1.0,0.0
0.085629,0.000164,270.63932900000003,10.0,0.1,1.0,0.0
0.0869,0.00016299999999999998,300.01149300000003,10.0,0.1,1.0,0.0
0.08682100000000001,0.000164,275.244948,10.0,0.1,1.0,0.0
0.08455399999999999,0.000161,304.040106,10.0,0.1,1.0,0.0
0.083256,0.00015900000000000002,279.416385,10.0,0.1,1.0,0.0
0.090236,0.000166,287.937952,10.0,0.1,1.0,0.0
0.091325,0.00015900000000000002,257.73382999999995,10.0,0.1,1.0,0.0
0.08985800000000001,0.000169,302.813628,10.0,0.1,1.0,0.0
0.090793,0.000171,316.354571,10.0,0.1,1.0,0.0
0.095372,0.00016999999999999999,278.81017099999997,10.0,0.1,1.0,0.0
0.07987899999999999,0.00016,275.141339,10.0,0.1,1.0,0.0
0.08166,0.00016,287.272638,10.0,0.1,1.0,0.0
0.088591,0.000167,275.493785,10.0,0.1,1.0,0.0
0.084582,0.000161,274.722151,10.0,0.1,1.0,0.0
0.090053,0.000169,289.227483,10.0,0.1,1.0,0.0
0.087656,0.000161,267.15000499999996,10.0,0.1,1.0,0.0
0.086984,0.000164,265.541881,10.0,0.1,1.0,0.0
0.085912,0.000161,283.910024,10.0,0.1,1.0,0.0
0.089418,0.000165,275.857321,10.0,0.1,1.0,0.0
0.084816,0.00015900000000000002,275.09126000000003,10.0,0.1,1.0,0.0
0.092347,0.000167,285.580361,10.0,0.1,1.0,0.0
0.091517,0.000173,270.061444,10.0,0.1,1.0,0.0
0.084799,0.000164,281.163018,10.0,0.1,1.0,0.0
0.091291,0.00016299999999999998,269.881923,10.0,0.1,1.0,0.0
0.093168,0.000171,313.896076,10.0,0.1,1.0,0.0
0.087671,0.000162,269.143078,10.0,0.1,1.0,0.0
0.0851,0.00016299999999999998,286.183273,10.0,0.1,1.0,0.0
0.087272,0.000166,263.403863,10.0,0.1,1.0,0.0
0.094764,0.000167,285.723977,10.0,0.1,1.0,0.0
0.08801,0.000154,255.346223,10.0,0.1,1.0,0.0
0.087013,0.000169,293.762474,10.0,0.1,1.0,0.0
0.087482,0.000165,281.373168,10.0,0.1,1.0,0.0
0.090917,0.000171,291.306394,10.0,0.1,1.0,0.0
0.085873,0.000165,283.22980099999995,10.0,0.1,1.0,0.0
0.07501100000000001,0.000146,283.252545,10.0,1.0,1.0,0.0
0.072614,0.000144,268.37012999999996,10.0,1.0,1.0,0.0
0.074366,0.000143,258.633685,10.0,1.0,1.0,0.0
0.08186399999999999,0.000144,255.46811,10.0,1.0,1.0,0.0
0.076351,0.00014,265.135914,10.0,1.0,1.0,0.0
0.07803600000000001,0.000146,284.05349,10.0,1.0,1.0,0.0
0.068824,0.000151,292.477868,10.0,1.0,1.0,0.0
0.0755,0.000146,270.895769,10.0,1.0,1.0,0.0
0.072696,0.000145,270.002743,10.0,1.0,1.0,0.0
0.06771100000000001,0.000148,288.711276,10.0,1.0,1.0,0.0
0.078692,0.000144,262.177935,10.0,1.0,1.0,0.0
0.076486,0.00014199999999999998,251.762409,10.0,1.0,1.0,0.0
0.07098099999999999,0.000149,278.190515,10.0,1.0,1.0,0.0
0.067692,0.000146,307.067872,10.0,1.0,1.0,0.0
0.067467,0.000149,297.16463999999996,10.0,1.0,1.0,0.0
0.0761,0.000139,269.329433,10.0,1.0,1.0,0.0
0.067819,0.00014199999999999998,309.74708599999997,10.0,1.0,1.0,0.0
0.07678099999999999,0.000146,287.82165299999997,10.0,1.0,1.0,0.0
0.083203,0.00014,244.37591899999998,10.0,1.0,1.0,0.0
0.077146,0.000146,243.89258900000002,10.0,1.0,1.0,0.0
0.082553,0.000145,254.609042,10.0,1.0,1.0,0.0
0.073162,0.000147,275.09346600000003,10.0,1.0,1.0,0.0
0.086506,0.000145,275.08387700000003,10.0,1.0,1.0,0.0
0.07189,0.00014,263.69746299999997,10.0,1.0,1.0,0.0
0.080772,0.00014199999999999998,257.077667,10.0,1.0,1.0,0.0
0.069147,0.00014099999999999998,301.954088,10.0,1.0,1.0,0.0
0.085191,0.000147,279.244668,10.0,1.0,1.0,0.0
0.07757,0.000143,278.641024,10.0,1.0,1.0,0.0
0.075383,0.000146,263.328203,10.0,1.0,1.0,0.0
0.072962,0.000146,300.433302,10.0,1.0,1.0,0.0
0.075628,0.000139,275.696977,10.0,1.0,1.0,0.0
0.069373,0.000146,293.73387599999995,10.0,1.0,1.0,0.0
0.08148999999999999,0.000144,271.67675499999996,10.0,1.0,1.0,0.0
0.080731,0.000143,275.621258,10.0,1.0,1.0,0.0
0.07656,0.000146,296.966429,10.0,1.0,1.0,0.0
0.0876,0.000145,252.100338,10.0,1.0,1.0,0.0
0.075664,0.000143,269.134177,10.0,1.0,1.0,0.0
0.08087799999999999,0.00015,273.519525,10.0,1.0,1.0,0.0
0.067129,0.00015,312.047792,10.0,1.0,1.0,0.0
0.080443,0.000139,263.928317,10.0,1.0,1.0,0.0
0.071414,0.00014099999999999998,285.354889,10.0,10.0,1.0,0.0
0.073062,0.000145,292.79592,10.0,10.0,1.0,0.0
0.066932,0.000147,312.27688,10.0,10.0,1.0,0.0
0.072881,0.000146,283.372243,10.0,10.0,1.0,0.0
0.069435,0.000147,291.400505,10.0,10.0,1.0,0.0
0.06351,0.000157,334.474476,10.0,10.0,1.0,0.0
0.06627000000000001,0.000154,329.66444,10.0,10.0,1.0,0.0
0.073787,0.000145,300.445136,10.0,10.0,1.0,0.0
0.067467,0.000155,303.463686,10.0,10.0,1.0,0.0
0.06579600000000001,0.000144,285.459554,10.0,10.0,1.0,0.0
0.066061,0.000156,302.082419,10.0,10.0,1.0,0.0
0.062809,0.000151,335.108081,10.0,10.0,1.0,0.0
0.063667,0.000147,321.920795,10.0,10.0,1.0,0.0
0.076374,0.000147,289.326439,10.0,10.0,1.0,0.0
0.067824,0.000147,278.150113,10.0,10.0,1.0,0.0
0.069146,0.00015,289.656848,10.0,10.0,1.0,0.0
0.069386,0.000145,273.143929,10.0,10.0,1.0,0.0
0.065901,0.000152,317.029132,10.0,10.0,1.0,0.0
0.075084,0.000145,306.291854,10.0,10.0,1.0,0.0
0.069882,0.00015,282.62989300000004,10.0,10.0,1.0,0.0
0.068735,0.000148,286.165787,10.0,10.0,1.0,0.0
0.06967000000000001,0.000149,319.79335299999997,10.0,10.0,1.0,0.0
0.06374400000000001,0.000147,300.355377,10.0,10.0,1.0,0.0
0.06945499999999999,0.000145,282.052038,10.0,10.0,1.0,0.0
0.068379,0.000147,336.772608,10.0,10.0,1.0,0.0
0.065374,0.000145,291.584944,10.0,10.0,1.0,0.0
0.065664,0.000152,310.423207,10.0,10.0,1.0,0.0
0.069023,0.00014,290.369535,10.0,10.0,1.0,0.0
0.06590499999999999,0.00015,308.24424799999997,10.0,10.0,1.0,0.0
0.067777,0.000149,290.678582,10.0,10.0,1.0,0.0
0.074296,0.000144,281.85879700000004,10.0,10.0,1.0,0.0
0.063485,0.000152,327.611534,10.0,10.0,1.0,0.0
0.062612,0.00015,323.63597400000003,10.0,10.0,1.0,0.0
0.069017,0.000151,300.285458,10.0,10.0,1.0,0.0
0.06704,0.000151,303.01292,10.0,10.0,1.0,0.0
0.071839,0.000149,297.36515099999997,10.0,10.0,1.0,0.0
0.066582,0.00015,293.854154,10.0,10.0,1.0,0.0
0.06805900000000001,0.000154,303.70808,10.0,10.0,1.0,0.0
0.062689,0.00014199999999999998,284.062881,10.0,10.0,1.0,0.0
0.06957200000000001,0.000143,277.36256299999997,10.0,10.0,1.0,0.0
0.289348,0.006783,20.366617,1.0,1.0,0.5,0.0
0.282012,0.007148999999999999,20.350063000000002,1.0,1.0,0.5,0.0
0.29184899999999997,0.007204,20.705512,1.0,1.0,0.5,0.0
0.294738,0.007186,20.650817,1.0,1.0,0.5,0.0
0.288586,0.006693000000000001,20.19075,1.0,1.0,0.5,0.0
0.298483,0.007338,19.983031,1.0,1.0,0.5,0.0
0.290124,0.007104999999999999,19.923873999999998,1.0,1.0,0.5,0.0
0.282339,0.006693999999999999,19.811538,1.0,1.0,0.5,0.0
0.270936,0.006995,21.17993,1.0,1.0,0.5,0.0
0.276723,0.0073019999999999995,20.224932,1.0,1.0,0.5,0.0
0.27628800000000003,0.00689,20.038297,1.0,1.0,0.5,0.0
0.291984,0.007081999999999999,20.139696,1.0,1.0,0.5,0.0
0.280466,0.0066370000000000005,20.215417000000002,1.0,1.0,0.5,0.0
0.283667,0.007229000000000001,20.471666,1.0,1.0,0.5,0.0
0.28635700000000003,0.006772,19.510865,1.0,1.0,0.5,0.0
0.286313,0.006868000000000001,20.330327,1.0,1.0,0.5,0.0
0.271902,0.0067870000000000005,20.786925,1.0,1.0,0.5,0.0
0.292022,0.007215000000000001,19.783689000000003,1.0,1.0,0.5,0.0
0.30288699999999996,0.0074,20.085935,1.0,1.0,0.5,0.0
0.29639699999999997,0.007033,20.896534,1.0,1.0,0.5,0.0
0.28794200000000003,0.00701,19.794369,1.0,1.0,0.5,0.0
0.283442,0.0071400000000000005,19.641829,1.0,1.0,0.5,0.0
0.28115999999999997,0.006669,20.070366,1.0,1.0,0.5,0.0
0.288037,0.007417,20.384569,1.0,1.0,0.5,0.0
0.298408,0.007343000000000001,19.966832,1.0,1.0,0.5,0.0
0.28834,0.007133,20.177638,1.0,1.0,0.5,0.0
0.28881100000000004,0.0066549999999999995,19.855635999999997,1.0,1.0,0.5,0.0
0.289229,0.006984000000000001,20.062675,1.0,1.0,0.5,0.0
0.290078,0.007167,20.781998,1.0,1.0,0.5,0.0
0.297084,0.007453,20.449148,1.0,1.0,0.5,0.0
0.306217,0.007436,20.095858,1.0,1.0,0.5,0.0
0.279586,0.006848999999999999,20.777185,1.0,1.0,0.5,0.0
0.283012,0.006758,20.166355,1.0,1.0,0.5,0.0
0.280742,0.007098,20.597371,1.0,1.0,0.5,0.0
0.287398,0.00672,19.642794,1.0,1.0,0.5,0.0
0.286109,0.006981,20.331532,1.0,1.0,0.5,0.0
0.28672600000000004,0.007234,20.004464000000002,1.0,1.0,0.5,0.0
0.298854,0.007195,20.499760000000002,1.0,1.0,0.5,0.0
0.267887,0.006908,20.354720999999998,1.0,1.0,0.5,0.0
0.278026,0.007193000000000001,20.668367,1.0,1.0,0.5,0.0
0.18459,0.004332,20.500422,1.0,1.0,0.5,0.2
0.215981,0.004828,18.703098,1.0,1.0,0.5,0.2
0.191614,0.004521,18.850323,1.0,1.0,0.5,0.2
0.194859,0.004279,18.452642,1.0,1.0,0.5,0.2
0.197652,0.004548,18.970564000000003,1.0,1.0,0.5,0.2
0.20569400000000002,0.004581,19.050102,1.0,1.0,0.5,0.2
0.21864,0.004772,19.499005,1.0,1.0,0.5,0.2
0.191883,0.004365,18.924347,1.0,1.0,0.5,0.2
0.207202,0.004566,19.070702,1.0,1.0,0.5,0.2
0.207984,0.004494,18.509520000000002,1.0,1.0,0.5,0.2
0.18798800000000002,0.004243,19.064585,1.0,1.0,0.5,0.2
0.196141,0.004287,19.201207,1.0,1.0,0.5,0.2
0.20971700000000001,0.004613,19.250109,1.0,1.0,0.5,0.2
0.198829,0.004517,19.343339999999998,1.0,1.0,0.5,0.2
0.20994200000000002,0.004704,18.801367000000003,1.0,1.0,0.5,0.2
0.177813,0.004338,19.389832000000002,1.0,1.0,0.5,0.2
0.206641,0.004598,19.096882,1.0,1.0,0.5,0.2
0.193582,0.004438,19.41156,1.0,1.0,0.5,0.2
0.194375,0.0044729999999999995,19.220585999999997,1.0,1.0,0.5,0.2
0.196489,0.004353,21.23055,1.0,1.0,0.5,0.2
0.199876,0.0046,19.485264,1.0,1.0,0.5,0.2
0.203802,0.0045899999999999995,19.219924,1.0,1.0,0.5,0.2
0.22005,0.0045850000000000005,18.099875,1.0,1.0,0.5,0.2
0.190686,0.004342,19.678419,1.0,1.0,0.5,0.2
0.20940300000000003,0.004723,18.656592,1.0,1.0,0.5,0.2
0.21191100000000002,0.0047469999999999995,19.521357000000002,1.0,1.0,0.5,0.2
0.199011,0.004458,19.530987,1.0,1.0,0.5,0.2
0.18722,0.004458,19.510998,1.0,1.0,0.5,0.2
0.201418,0.004209,19.049281,1.0,1.0,0.5,0.2
0.20035899999999998,0.0047469999999999995,19.539466,1.0,1.0,0.5,0.2
0.213525,0.00472,18.618103,1.0,1.0,0.5,0.2
0.210011,0.004713,18.688441,1.0,1.0,0.5,0.2
0.203997,0.0045520000000000005,19.625606,1.0,1.0,0.5,0.2
0.197018,0.004404,18.463592000000002,1.0,1.0,0.5,0.2
0.198872,0.004602,18.615405,1.0,1.0,0.5,0.2
0.21696500000000002,0.004912,19.199916,1.0,1.0,0.5,0.2
0.203747,0.004676,19.847243,1.0,1.0,0.5,0.2
0.20557899999999998,0.004531,19.084094,1.0,1.0,0.5,0.2
0.21477100000000002,0.004682,18.791987,1.0,1.0,0.5,0.2
0.208893,0.00443,18.960397,1.0,1.0,0.5,0.2
0.139974,0.003089,19.723407,1.0,1.0,0.5,0.4
0.148559,0.0031149999999999997,20.456245000000003,1.0,1.0,0.5,0.4
0.149289,0.003315,19.586494000000002,1.0,1.0,0.5,0.4
0.141297,0.003343,19.743470000000002,1.0,1.0,0.5,0.4
0.152125,0.003382,20.157235999999997,1.0,1.0,0.5,0.4
0.145273,0.003249,19.017646,1.0,1.0,0.5,0.4
0.14966400000000002,0.003271,19.421301,1.0,1.0,0.5,0.4
0.151998,0.0033880000000000004,19.828201999999997,1.0,1.0,0.5,0.4
0.14313,0.003247,19.943885,1.0,1.0,0.5,0.4
0.141066,0.003186,19.984354,1.0,1.0,0.5,0.4
0.140729,0.003089,19.981806,1.0,1.0,0.5,0.4
0.152289,0.0033770000000000002,19.211661,1.0,1.0,0.5,0.4
0.152578,0.003375,18.447816,1.0,1.0,0.5,0.4
0.14843900000000002,0.003438,19.893173,1.0,1.0,0.5,0.4
0.15168399999999999,0.003261,20.018918,1.0,1.0,0.5,0.4
0.151125,0.0033979999999999995,19.358456,1.0,1.0,0.5,0.4
0.149955,0.003363,19.124785,1.0,1.0,0.5,0.4
0.153711,0.0034460000000000003,18.930475,1.0,1.0,0.5,0.4
0.139225,0.003356,20.430526,1.0,1.0,0.5,0.4
0.14913099999999999,0.0032979999999999997,19.384662,1.0,1.0,0.5,0.4
0.142924,0.00315,19.482723,1.0,1.0,0.5,0.4
0.146563,0.0033090000000000003,18.975987,1.0,1.0,0.5,0.4
0.145108,0.003282,20.651449,1.0,1.0,0.5,0.4
0.149503,0.0033060000000000003,19.512345,1.0,1.0,0.5,0.4
0.141957,0.003396,19.105245999999998,1.0,1.0,0.5,0.4
0.138504,0.003196,19.989621,1.0,1.0,0.5,0.4
0.139464,0.0031579999999999998,19.622765,1.0,1.0,0.5,0.4
0.144218,0.0033399999999999997,19.517003,1.0,1.0,0.5,0.4
0.147695,0.0032119999999999996,19.061646,1.0,1.0,0.5,0.4
0.155178,0.0034509999999999996,19.489226000000002,1.0,1.0,0.5,0.4
0.14593299999999998,0.003244,19.117413,1.0,1.0,0.5,0.4
0.143927,0.003135,19.915775,1.0,1.0,0.5,0.4
0.153002,0.003464,19.427679,1.0,1.0,0.5,0.4
0.143239,0.0033200000000000005,19.096217000000003,1.0,1.0,0.5,0.4
0.147213,0.003331,19.222445,1.0,1.0,0.5,0.4
0.152516,0.003358,19.267205999999998,1.0,1.0,0.5,0.4
0.150345,0.0032719999999999997,19.998418,1.0,1.0,0.5,0.4
0.13992000000000002,0.0032229999999999997,19.975970999999998,1.0,1.0,0.5,0.4
0.149551,0.003365,19.420684,1.0,1.0,0.5,0.4
0.15496500000000002,0.0033659999999999996,19.754292,1.0,1.0,0.5,0.4
0.203123,0.14958,100.67321899999999,1.0,1.0,1.0,0.0
0.201101,0.147205,100.174373,1.0,1.0,1.0,0.0
0.21110900000000002,0.14949300000000001,111.50799099999999,1.0,1.0,1.0,0.0
0.193708,0.147724,102.597332,1.0,1.0,1.0,0.0
0.20886100000000002,0.149445,107.024418,1.0,1.0,1.0,0.0
0.199678,0.15146800000000002,109.83811100000001,1.0,1.0,1.0,0.0
0.21439499999999997,0.14886,103.362748,1.0,1.0,1.0,0.0
0.210885,0.145976,97.57063000000001,1.0,1.0,1.0,0.0
0.201711,0.147064,93.500486,1.0,1.0,1.0,0.0
0.22519099999999997,0.152915,96.15696700000001,1.0,1.0,1.0,0.0
0.20670100000000002,0.146394,109.94214099999999,1.0,1.0,1.0,0.0
0.20842399999999997,0.152449,105.35538000000001,1.0,1.0,1.0,0.0
0.20343699999999998,0.14836400000000002,104.78856800000001,1.0,1.0,1.0,0.0
0.199786,0.153478,113.452643,1.0,1.0,1.0,0.0
0.210919,0.150701,102.992303,1.0,1.0,1.0,0.0
0.20316199999999998,0.150864,97.81375899999999,1.0,1.0,1.0,0.0
0.212015,0.153308,102.898066,1.0,1.0,1.0,0.0
0.200936,0.147248,103.118273,1.0,1.0,1.0,0.0
0.21505500000000002,0.151042,101.402527,1.0,1.0,1.0,0.0
0.20167100000000002,0.148729,103.435571,1.0,1.0,1.0,0.0
0.208346,0.147647,98.584591,1.0,1.0,1.0,0.0
0.197511,0.15021700000000002,102.130503,1.0,1.0,1.0,0.0
0.227277,0.152383,99.362211,1.0,1.0,1.0,0.0
0.208443,0.15093,106.85144299999999,1.0,1.0,1.0,0.0
0.21404299999999998,0.151425,102.20621899999999,1.0,1.0,1.0,0.0
0.20662600000000003,0.150832,99.887813,1.0,1.0,1.0,0.0
0.207554,0.145267,97.405245,1.0,1.0,1.0,0.0
0.20975,0.145862,100.323153,1.0,1.0,1.0,0.0
0.21423000000000003,0.149644,101.316426,1.0,1.0,1.0,0.0
0.209364,0.147561,98.17304200000001,1.0,1.0,1.0,0.0
0.22301300000000002,0.14874400000000002,101.891737,1.0,1.0,1.0,0.0
0.204735,0.144796,106.268919,1.0,1.0,1.0,0.0
0.211069,0.148828,97.275009,1.0,1.0,1.0,0.0
0.188813,0.145007,101.38599599999999,1.0,1.0,1.0,0.0
0.21658200000000002,0.151643,115.05181200000001,1.0,1.0,1.0,0.0
0.21068699999999999,0.148558,105.604301,1.0,1.0,1.0,0.0
0.209873,0.150677,111.215355,1.0,1.0,1.0,0.0
0.20189000000000001,0.151137,110.231298,1.0,1.0,1.0,0.0
0.21259099999999997,0.15015,101.135435,1.0,1.0,1.0,0.0
0.20637199999999997,0.149515,101.935671,1.0,1.0,1.0,0.0
0.142028,0.13350499999999998,125.163707,1.0,1.0,1.0,0.2
0.142773,0.135889,130.49821599999999,1.0,1.0,1.0,0.2
0.155953,0.138707,131.966686,1.0,1.0,1.0,0.2
0.146316,0.136381,128.009645,1.0,1.0,1.0,0.2
0.145644,0.136547,181.325298,1.0,1.0,1.0,0.2
0.156339,0.139956,130.49792,1.0,1.0,1.0,0.2
0.15099,0.13298800000000002,126.88383700000001,1.0,1.0,1.0,0.2
0.149943,0.139173,130.153902,1.0,1.0,1.0,0.2
0.163128,0.13498,114.96009699999999,1.0,1.0,1.0,0.2
0.15833699999999998,0.134827,128.952661,1.0,1.0,1.0,0.2
0.14598599999999998,0.137904,126.843457,1.0,1.0,1.0,0.2
0.149927,0.138353,130.738434,1.0,1.0,1.0,0.2
0.145154,0.13884100000000002,130.34043,1.0,1.0,1.0,0.2
0.14704,0.131908,124.733199,1.0,1.0,1.0,0.2
0.150436,0.135283,122.290573,1.0,1.0,1.0,0.2
0.14833,0.137488,121.419703,1.0,1.0,1.0,0.2
0.149202,0.133379,121.20549199999999,1.0,1.0,1.0,0.2
0.149364,0.142147,124.728654,1.0,1.0,1.0,0.2
0.153895,0.13568,112.852814,1.0,1.0,1.0,0.2
0.148153,0.134733,119.45466299999998,1.0,1.0,1.0,0.2
0.154605,0.133269,119.751697,1.0,1.0,1.0,0.2
0.14688299999999999,0.138667,122.241122,1.0,1.0,1.0,0.2
0.152279,0.137803,128.320909,1.0,1.0,1.0,0.2
0.147621,0.135169,121.54246299999998,1.0,1.0,1.0,0.2
0.142978,0.134982,134.736536,1.0,1.0,1.0,0.2
0.137959,0.13456600000000002,128.121278,1.0,1.0,1.0,0.2
0.15170899999999998,0.13734100000000002,128.930273,1.0,1.0,1.0,0.2
0.15296700000000002,0.13921,130.060545,1.0,1.0,1.0,0.2
0.15752,0.140086,130.843175,1.0,1.0,1.0,0.2
0.158073,0.134624,116.683411,1.0,1.0,1.0,0.2
0.145172,0.137954,129.39145,1.0,1.0,1.0,0.2
0.156002,0.136166,113.10364299999999,1.0,1.0,1.0,0.2
0.149514,0.13681500000000002,136.527288,1.0,1.0,1.0,0.2
0.15492899999999998,0.138998,120.64941200000001,1.0,1.0,1.0,0.2
0.14543599999999998,0.136783,126.016585,1.0,1.0,1.0,0.2
0.14936,0.133456,117.653327,1.0,1.0,1.0,0.2
0.143898,0.137121,126.42573200000001,1.0,1.0,1.0,0.2
0.151401,0.134769,120.43203700000001,1.0,1.0,1.0,0.2
0.144806,0.140254,129.863319,1.0,1.0,1.0,0.2
0.14282899999999998,0.137871,131.108172,1.0,1.0,1.0,0.2
0.11704500000000001,0.12019300000000001,133.930175,1.0,1.0,1.0,0.4
0.114724,0.125567,146.884027,1.0,1.0,1.0,0.4
0.11531400000000001,0.124123,140.158807,1.0,1.0,1.0,0.4
0.104546,0.123775,155.57863500000002,1.0,1.0,1.0,0.4
0.110857,0.12298800000000001,145.236323,1.0,1.0,1.0,0.4
0.10868299999999999,0.12098900000000001,160.90596200000002,1.0,1.0,1.0,0.4
0.11027,0.123484,155.962695,1.0,1.0,1.0,0.4
0.11223499999999999,0.12504,145.553173,1.0,1.0,1.0,0.4
0.11457,0.125818,150.911254,1.0,1.0,1.0,0.4
0.111176,0.124705,151.92926599999998,1.0,1.0,1.0,0.4
0.110175,0.123899,158.63376499999998,1.0,1.0,1.0,0.4
0.106135,0.12487899999999999,148.161153,1.0,1.0,1.0,0.4
0.11183,0.12291700000000001,153.994669,1.0,1.0,1.0,0.4
0.116846,0.121057,145.167955,1.0,1.0,1.0,0.4
0.113357,0.12240699999999999,149.561215,1.0,1.0,1.0,0.4
0.111371,0.12079300000000001,158.593453,1.0,1.0,1.0,0.4
0.11788,0.128829,149.424624,1.0,1.0,1.0,0.4
0.11087999999999999,0.124154,137.050175,1.0,1.0,1.0,0.4
0.112034,0.12459,147.091878,1.0,1.0,1.0,0.4
0.10949,0.122353,147.569547,1.0,1.0,1.0,0.4
0.10833499999999999,0.126648,143.26483100000002,1.0,1.0,1.0,0.4
0.111918,0.12261199999999998,142.986841,1.0,1.0,1.0,0.4
0.115775,0.121303,138.828181,1.0,1.0,1.0,0.4
0.10686300000000001,0.120429,161.327778,1.0,1.0,1.0,0.4
0.10476500000000001,0.12383599999999999,148.635468,1.0,1.0,1.0,0.4
0.103843,0.12290699999999999,149.757197,1.0,1.0,1.0,0.4
0.11345799999999999,0.126966,147.68258500000002,1.0,1.0,1.0,0.4
0.11397,0.12512,144.100498,1.0,1.0,1.0,0.4
0.107379,0.126404,152.435629,1.0,1.0,1.0,0.4
0.115479,0.121583,141.154512,1.0,1.0,1.0,0.4
0.113758,0.121137,148.627429,1.0,1.0,1.0,0.4
0.115869,0.124859,133.873955,1.0,1.0,1.0,0.4
0.10909400000000001,0.126182,151.02369099999999,1.0,1.0,1.0,0.4
0.113285,0.127404,145.373502,1.0,1.0,1.0,0.4
0.11277000000000001,0.12788,159.376848,1.0,1.0,1.0,0.4
0.108052,0.125872,156.410415,1.0,1.0,1.0,0.4
0.11367100000000001,0.125876,155.897065,1.0,1.0,1.0,0.4
0.108918,0.122608,148.77238899999998,1.0,1.0,1.0,0.4
0.11391,0.12871300000000002,153.925826,1.0,1.0,1.0,0.4
0.110269,0.123325,141.98541,1.0,1.0,1.0,0.4
0.21101599999999998,6.388902,272.578369,1.0,1.0,2.0,0.0
0.204913,6.151221,238.34087799999998,1.0,1.0,2.0,0.0
0.22524899999999998,6.548984,274.686289,1.0,1.0,2.0,0.0
0.217782,6.286288,255.352222,1.0,1.0,2.0,0.0
0.192467,6.323786,257.050437,1.0,1.0,2.0,0.0
0.21706999999999999,6.434424,268.833023,1.0,1.0,2.0,0.0
0.203263,6.5183480000000005,269.328058,1.0,1.0,2.0,0.0
0.206244,6.5085440000000006,275.85384700000003,1.0,1.0,2.0,0.0
0.228744,6.556106,275.524987,1.0,1.0,2.0,0.0
0.221845,6.482307,280.56392999999997,1.0,1.0,2.0,0.0
0.219131,6.47802,279.662054,1.0,1.0,2.0,0.0
0.21427100000000002,6.200278,260.442581,1.0,1.0,2.0,0.0
0.224744,6.389265,272.649741,1.0,1.0,2.0,0.0
0.21858899999999998,6.552042,275.078653,1.0,1.0,2.0,0.0
0.20938099999999998,6.369834,271.739289,1.0,1.0,2.0,0.0
0.215336,6.1195949999999995,250.133378,1.0,1.0,2.0,0.0
0.216574,6.414721,283.773777,1.0,1.0,2.0,0.0
0.219227,6.179608,278.844644,1.0,1.0,2.0,0.0
0.216119,6.8153619999999995,273.614405,1.0,1.0,2.0,0.0
0.213657,6.473538,258.123905,1.0,1.0,2.0,0.0
0.21944299999999997,6.232108,256.355339,1.0,1.0,2.0,0.0
0.204454,6.487648,280.337156,1.0,1.0,2.0,0.0
0.22091999999999998,6.696488,293.632249,1.0,1.0,2.0,0.0
0.217959,6.577578999999999,277.430985,1.0,1.0,2.0,0.0
0.224196,6.692524000000001,281.542736,1.0,1.0,2.0,0.0
0.20916300000000002,6.1017470000000005,264.719727,1.0,1.0,2.0,0.0
0.22821599999999997,6.63627,260.89269,1.0,1.0,2.0,0.0
0.223942,6.3818150000000005,296.623771,1.0,1.0,2.0,0.0
0.213626,6.14272,247.57234100000002,1.0,1.0,2.0,0.0
0.222622,6.509199,288.416773,1.0,1.0,2.0,0.0
0.20531100000000002,6.405317,287.9946,1.0,1.0,2.0,0.0
0.21634299999999998,6.465704,311.562717,1.0,1.0,2.0,0.0
0.21827399999999997,6.092506,255.473777,1.0,1.0,2.0,0.0
0.21749200000000002,6.427493,268.725934,1.0,1.0,2.0,0.0
0.22107399999999996,6.483612,280.739309,1.0,1.0,2.0,0.0
0.218824,6.029376,252.48283999999998,1.0,1.0,2.0,0.0
0.21506599999999998,6.383926,274.91272200000003,1.0,1.0,2.0,0.0
0.21716999999999997,6.26957,299.962179,1.0,1.0,2.0,0.0
0.218296,6.460316000000001,270.915566,1.0,1.0,2.0,0.0
0.225708,6.377803,258.878033,1.0,1.0,2.0,0.0
0.167673,4.771708,273.491642,1.0,1.0,2.0,0.2
0.17987899999999998,4.843382,251.15033799999998,1.0,1.0,2.0,0.2
0.170571,4.928267,286.116038,1.0,1.0,2.0,0.2
0.18448,4.779242,272.136596,1.0,1.0,2.0,0.2
0.17122300000000001,5.024858,255.791693,1.0,1.0,2.0,0.2
0.171102,4.84863,266.640828,1.0,1.0,2.0,0.2
0.17327,5.007327,276.577367,1.0,1.0,2.0,0.2
0.180319,5.202668,269.480257,1.0,1.0,2.0,0.2
0.167215,4.734264,273.38542,1.0,1.0,2.0,0.2
0.168686,5.158059,279.359124,1.0,1.0,2.0,0.2
0.180482,4.8669970000000005,269.948336,1.0,1.0,2.0,0.2
0.177749,4.711255,250.59078399999999,1.0,1.0,2.0,0.2
0.16806400000000002,4.846888,277.036334,1.0,1.0,2.0,0.2
0.17169,5.406489,299.321738,1.0,1.0,2.0,0.2
0.167783,4.952289,263.39898999999997,1.0,1.0,2.0,0.2
0.166358,4.964493,263.582051,1.0,1.0,2.0,0.2
0.174821,4.8544540000000005,257.62609,1.0,1.0,2.0,0.2
0.17302,5.3048,309.479386,1.0,1.0,2.0,0.2
0.171067,4.930761,269.33988700000003,1.0,1.0,2.0,0.2
0.181979,5.133862000000001,278.94282400000003,1.0,1.0,2.0,0.2
0.17543599999999998,5.220376,264.015231,1.0,1.0,2.0,0.2
0.167443,4.915019,274.038859,1.0,1.0,2.0,0.2
0.181573,5.089962,278.797299,1.0,1.0,2.0,0.2
0.180161,5.029211,266.330313,1.0,1.0,2.0,0.2
0.177256,4.757828,261.404866,1.0,1.0,2.0,0.2
0.181828,4.844975,269.48492200000004,1.0,1.0,2.0,0.2
0.188926,4.9048300000000005,277.05009,1.0,1.0,2.0,0.2
0.171302,4.820618,266.192787,1.0,1.0,2.0,0.2
0.183276,4.732917,269.781732,1.0,1.0,2.0,0.2
0.172983,4.846902,258.450812,1.0,1.0,2.0,0.2
0.173731,4.936845,277.30307999999997,1.0,1.0,2.0,0.2
0.184789,4.893219,267.494909,1.0,1.0,2.0,0.2
0.173845,5.012005,283.709302,1.0,1.0,2.0,0.2
0.169569,4.911512999999999,270.259105,1.0,1.0,2.0,0.2
0.17688099999999998,4.755252,269.994171,1.0,1.0,2.0,0.2
0.177548,4.688055,276.201048,1.0,1.0,2.0,0.2
0.17130399999999998,4.660912000000001,246.113384,1.0,1.0,2.0,0.2
0.175569,4.941798,284.669537,1.0,1.0,2.0,0.2
0.183767,5.00453,281.1246,1.0,1.0,2.0,0.2
0.173985,5.0292449999999995,271.69897799999995,1.0,1.0,2.0,0.2
0.140596,3.9354339999999994,319.591476,1.0,1.0,2.0,0.4
0.136195,3.8853739999999997,337.265542,1.0,1.0,2.0,0.4
0.14635499999999999,3.8455739999999996,295.945971,1.0,1.0,2.0,0.4
0.138438,4.026299,304.707192,1.0,1.0,2.0,0.4
0.141537,3.824933,310.002019,1.0,1.0,2.0,0.4
0.138274,3.75432,294.351125,1.0,1.0,2.0,0.4
0.136254,3.7339620000000004,295.002163,1.0,1.0,2.0,0.4
0.148373,4.037497,284.71151000000003,1.0,1.0,2.0,0.4
0.13989000000000001,3.755864,286.331861,1.0,1.0,2.0,0.4
0.146988,3.7239269999999998,297.09503,1.0,1.0,2.0,0.4
0.144672,3.926047,294.554463,1.0,1.0,2.0,0.4
0.141728,3.73006,303.913436,1.0,1.0,2.0,0.4
0.147974,3.977471,313.133525,1.0,1.0,2.0,0.4
0.14452,3.740013,302.792606,1.0,1.0,2.0,0.4
0.14319500000000002,3.770634,289.630915,1.0,1.0,2.0,0.4
0.144345,3.974008,314.264602,1.0,1.0,2.0,0.4
0.146793,3.926446,316.315503,1.0,1.0,2.0,0.4
0.134121,3.9620040000000003,300.20746299999996,1.0,1.0,2.0,0.4
0.13111,3.9195160000000002,316.752514,1.0,1.0,2.0,0.4
0.149983,3.73185,313.83975499999997,1.0,1.0,2.0,0.4
0.139106,3.8024089999999995,298.70619,1.0,1.0,2.0,0.4
0.150303,3.826214,295.543008,1.0,1.0,2.0,0.4
0.149369,3.8371230000000005,361.107008,1.0,1.0,2.0,0.4
0.148143,4.013251,312.110941,1.0,1.0,2.0,0.4
0.148866,3.8404239999999996,291.727012,1.0,1.0,2.0,0.4
0.144989,3.9567010000000002,309.540158,1.0,1.0,2.0,0.4
0.15398900000000001,3.723039,298.324373,1.0,1.0,2.0,0.4
0.149747,3.97707,310.357261,1.0,1.0,2.0,0.4
0.142226,3.854744,298.23365,1.0,1.0,2.0,0.4
0.141928,4.043409,306.972883,1.0,1.0,2.0,0.4
0.146022,3.770978,309.98402000000004,1.0,1.0,2.0,0.4
0.149392,3.9034910000000003,293.495169,1.0,1.0,2.0,0.4
0.138076,3.869293,442.703094,1.0,1.0,2.0,0.4
0.14443,3.625663,384.367567,1.0,1.0,2.0,0.4
0.137493,3.810372,292.59609700000004,1.0,1.0,2.0,0.4
0.146084,3.751372,289.533356,1.0,1.0,2.0,0.4
0.14849600000000002,3.8594230000000005,296.422598,1.0,1.0,2.0,0.4
0.147875,3.8848620000000005,289.336741,1.0,1.0,2.0,0.4
0.146449,3.8568269999999996,302.413635,1.0,1.0,2.0,0.4
0.135701,3.879751,294.649992,1.0,1.0,2.0,0.4
