ndTE,work,cost,LSF,motion,comboName,m,K,LSF,LE
0.647685,0.00021,41.536337,LSF_1,hover,m_p1_K_p1,0.1,0.1,1,0
0.700724,0.000201,41.135751,LSF_1,hover,m_p1_K_p1,0.1,0.1,1,0
0.656883,0.000205,45.212708,LSF_1,hover,m_p1_K_p1,0.1,0.1,1,0
0.693074,0.000199,41.141273,LSF_1,hover,m_p1_K_p1,0.1,0.1,1,0
0.672795,0.000198,40.021376,LSF_1,hover,m_p1_K_p1,0.1,0.1,1,0
0.665195,0.000198,41.194767,LSF_1,hover,m_p1_K_p1,0.1,0.1,1,0
0.692048,0.0002,41.189565,LSF_1,hover,m_p1_K_p1,0.1,0.1,1,0
0.641435,0.0002,42.283052,LSF_1,hover,m_p1_K_p1,0.1,0.1,1,0
0.695274,0.000204,43.580584,LSF_1,hover,m_p1_K_p1,0.1,0.1,1,0
0.666471,0.000199,41.009945,LSF_1,hover,m_p1_K_p1,0.1,0.1,1,0
0.643351,0.00021,41.852273,LSF_1,hover,m_p1_K_p1,0.1,0.1,1,0
0.637441,0.000195,40.829938,LSF_1,hover,m_p1_K_p1,0.1,0.1,1,0
0.715518,0.000211,39.831237,LSF_1,hover,m_p1_K_p1,0.1,0.1,1,0
0.684999,0.000206,40.518113,LSF_1,hover,m_p1_K_p1,0.1,0.1,1,0
0.649238,0.000195,44.729126,LSF_1,hover,m_p1_K_p1,0.1,0.1,1,0
0.622474,0.000198,44.732353,LSF_1,hover,m_p1_K_p1,0.1,0.1,1,0
0.736889,0.000215,42.979663,LSF_1,hover,m_p1_K_p1,0.1,0.1,1,0
0.660761,0.000199,42.175169,LSF_1,hover,m_p1_K_p1,0.1,0.1,1,0
0.648701,0.000202,42.422729,LSF_1,hover,m_p1_K_p1,0.1,0.1,1,0
0.677268,0.000199,41.827243,LSF_1,hover,m_p1_K_p1,0.1,0.1,1,0
0.630489,0.000197,41.769659,LSF_1,hover,m_p1_K_p1,0.1,0.1,1,0
0.693164,0.000205,41.327639,LSF_1,hover,m_p1_K_p1,0.1,0.1,1,0
0.609246,0.000198,40.447027,LSF_1,hover,m_p1_K_p1,0.1,0.1,1,0
0.592992,0.000198,43.141498,LSF_1,hover,m_p1_K_p1,0.1,0.1,1,0
0.694948,0.000209,39.400699,LSF_1,hover,m_p1_K_p1,0.1,0.1,1,0
0.676223,0.0002,41.009475,LSF_1,hover,m_p1_K_p1,0.1,0.1,1,0
0.688041,0.000209,42.838043,LSF_1,hover,m_p1_K_p1,0.1,0.1,1,0
0.690607,0.000209,40.768903,LSF_1,hover,m_p1_K_p1,0.1,0.1,1,0
0.703403,0.000214,39.912073,LSF_1,hover,m_p1_K_p1,0.1,0.1,1,0
0.625437,0.000198,48.803434,LSF_1,hover,m_p1_K_p1,0.1,0.1,1,0
0.649164,0.000206,41.501229,LSF_1,hover,m_p1_K_p1,0.1,0.1,1,0
0.65873,0.000203,43.596412,LSF_1,hover,m_p1_K_p1,0.1,0.1,1,0
0.644011,0.000197,41.240899,LSF_1,hover,m_p1_K_p1,0.1,0.1,1,0
0.637439,0.000197,42.962746,LSF_1,hover,m_p1_K_p1,0.1,0.1,1,0
0.681983,0.000198,40.408892,LSF_1,hover,m_p1_K_p1,0.1,0.1,1,0
0.609365,0.000196,42.675599,LSF_1,hover,m_p1_K_p1,0.1,0.1,1,0
0.646249,0.000208,44.820254,LSF_1,hover,m_p1_K_p1,0.1,0.1,1,0
0.646002,0.000202,43.108341,LSF_1,hover,m_p1_K_p1,0.1,0.1,1,0
0.646021,0.000199,39.040382,LSF_1,hover,m_p1_K_p1,0.1,0.1,1,0
0.643931,0.000195,44.774386,LSF_1,hover,m_p1_K_p1,0.1,0.1,1,0
0.65137,0.000203,43.313994,LSF_1,hover,m_p1_K_1,0.1,1,1,0
0.675271,0.000211,44.193499,LSF_1,hover,m_p1_K_1,0.1,1,1,0
0.675918,0.000207,45.67226,LSF_1,hover,m_p1_K_1,0.1,1,1,0
0.644644,0.000192,42.240603,LSF_1,hover,m_p1_K_1,0.1,1,1,0
0.697388,0.00021,39.604352,LSF_1,hover,m_p1_K_1,0.1,1,1,0
0.704632,0.000203,40.726263,LSF_1,hover,m_p1_K_1,0.1,1,1,0
0.680061,0.000205,41.425503,LSF_1,hover,m_p1_K_1,0.1,1,1,0
0.686531,0.000202,39.563141,LSF_1,hover,m_p1_K_1,0.1,1,1,0
0.672737,0.000198,39.30175,LSF_1,hover,m_p1_K_1,0.1,1,1,0
0.686015,0.000199,43.720032,LSF_1,hover,m_p1_K_1,0.1,1,1,0
0.642754,0.000202,43.140619,LSF_1,hover,m_p1_K_1,0.1,1,1,0
0.66867,0.000204,60.342013,LSF_1,hover,m_p1_K_1,0.1,1,1,0
0.67702,0.000203,44.079166,LSF_1,hover,m_p1_K_1,0.1,1,1,0
0.702662,0.000206,43.233383,LSF_1,hover,m_p1_K_1,0.1,1,1,0
0.607486,0.000194,43.369728,LSF_1,hover,m_p1_K_1,0.1,1,1,0
0.638865,0.000196,42.967304,LSF_1,hover,m_p1_K_1,0.1,1,1,0
0.632131,0.000199,41.761629,LSF_1,hover,m_p1_K_1,0.1,1,1,0
0.680702,0.000197,41.840605,LSF_1,hover,m_p1_K_1,0.1,1,1,0
0.683891,0.00021,40.368425,LSF_1,hover,m_p1_K_1,0.1,1,1,0
0.666626,0.000202,48.807015,LSF_1,hover,m_p1_K_1,0.1,1,1,0
0.662952,0.000194,43.555502,LSF_1,hover,m_p1_K_1,0.1,1,1,0
0.703229,0.000202,39.35581,LSF_1,hover,m_p1_K_1,0.1,1,1,0
0.646147,0.000202,44.631422,LSF_1,hover,m_p1_K_1,0.1,1,1,0
0.671869,0.000201,40.325943,LSF_1,hover,m_p1_K_1,0.1,1,1,0
0.646794,0.0002,42.675369,LSF_1,hover,m_p1_K_1,0.1,1,1,0
0.654275,0.000201,42.761446,LSF_1,hover,m_p1_K_1,0.1,1,1,0
0.642338,0.000199,43.049727,LSF_1,hover,m_p1_K_1,0.1,1,1,0
0.667142,0.000204,42.519814,LSF_1,hover,m_p1_K_1,0.1,1,1,0
0.65503,0.000206,42.968576,LSF_1,hover,m_p1_K_1,0.1,1,1,0
0.63353,0.000196,43.755802,LSF_1,hover,m_p1_K_1,0.1,1,1,0
0.69384,0.000203,41.003429,LSF_1,hover,m_p1_K_1,0.1,1,1,0
0.667351,0.000201,43.735907,LSF_1,hover,m_p1_K_1,0.1,1,1,0
0.746194,0.000205,39.624729,LSF_1,hover,m_p1_K_1,0.1,1,1,0
0.635585,0.000195,42.931375,LSF_1,hover,m_p1_K_1,0.1,1,1,0
0.638561,0.000195,42.963208,LSF_1,hover,m_p1_K_1,0.1,1,1,0
0.637225,0.000194,42.799577,LSF_1,hover,m_p1_K_1,0.1,1,1,0
0.653674,0.000206,42.326686,LSF_1,hover,m_p1_K_1,0.1,1,1,0
0.674921,0.000206,44.627216,LSF_1,hover,m_p1_K_1,0.1,1,1,0
0.671597,0.000199,39.384421,LSF_1,hover,m_p1_K_1,0.1,1,1,0
0.686892,0.000201,43.247894,LSF_1,hover,m_p1_K_1,0.1,1,1,0
0.672668,0.000196,40.115467,LSF_1,hover,m_p1_K_10,0.1,10,1,0
0.639941,0.000198,42.490056,LSF_1,hover,m_p1_K_10,0.1,10,1,0
0.618997,0.000199,42.844827,LSF_1,hover,m_p1_K_10,0.1,10,1,0
0.647784,0.000193,42.250513,LSF_1,hover,m_p1_K_10,0.1,10,1,0
0.670707,0.000202,40.877373,LSF_1,hover,m_p1_K_10,0.1,10,1,0
0.605391,0.000189,40.458375,LSF_1,hover,m_p1_K_10,0.1,10,1,0
0.641874,0.000196,41.244119,LSF_1,hover,m_p1_K_10,0.1,10,1,0
0.698332,0.0002,41.797631,LSF_1,hover,m_p1_K_10,0.1,10,1,0
0.699734,0.000198,40.448731,LSF_1,hover,m_p1_K_10,0.1,10,1,0
0.650391,0.000193,48.819059,LSF_1,hover,m_p1_K_10,0.1,10,1,0
0.610585,0.000199,42.532231,LSF_1,hover,m_p1_K_10,0.1,10,1,0
0.657353,0.000196,39.987495,LSF_1,hover,m_p1_K_10,0.1,10,1,0
0.66112,0.000191,44.261796,LSF_1,hover,m_p1_K_10,0.1,10,1,0
0.664194,0.000201,41.496343,LSF_1,hover,m_p1_K_10,0.1,10,1,0
0.687402,0.000195,38.417862,LSF_1,hover,m_p1_K_10,0.1,10,1,0
0.664538,0.000191,41.178252,LSF_1,hover,m_p1_K_10,0.1,10,1,0
0.59716,0.000195,45.128721,LSF_1,hover,m_p1_K_10,0.1,10,1,0
0.680671,0.000199,42.461967,LSF_1,hover,m_p1_K_10,0.1,10,1,0
0.637043,0.000194,44.766834,LSF_1,hover,m_p1_K_10,0.1,10,1,0
0.626352,0.000194,43.525199,LSF_1,hover,m_p1_K_10,0.1,10,1,0
0.643957,0.000195,37.912927,LSF_1,hover,m_p1_K_10,0.1,10,1,0
0.684795,0.000203,39.891288,LSF_1,hover,m_p1_K_10,0.1,10,1,0
0.609868,0.000187,42.351495,LSF_1,hover,m_p1_K_10,0.1,10,1,0
0.719774,0.000199,42.277317,LSF_1,hover,m_p1_K_10,0.1,10,1,0
0.628654,0.000188,42.56801,LSF_1,hover,m_p1_K_10,0.1,10,1,0
0.657048,0.000194,40.94252,LSF_1,hover,m_p1_K_10,0.1,10,1,0
0.670585,0.000198,41.716094,LSF_1,hover,m_p1_K_10,0.1,10,1,0
0.626429,0.000198,44.870882,LSF_1,hover,m_p1_K_10,0.1,10,1,0
0.67161,0.000197,44.317022,LSF_1,hover,m_p1_K_10,0.1,10,1,0
0.66195,0.000207,41.926755,LSF_1,hover,m_p1_K_10,0.1,10,1,0
0.705961,0.000206,40.373385,LSF_1,hover,m_p1_K_10,0.1,10,1,0
0.701263,0.000195,39.407176,LSF_1,hover,m_p1_K_10,0.1,10,1,0
0.679849,0.000199,39.287953,LSF_1,hover,m_p1_K_10,0.1,10,1,0
0.653837,0.000194,43.881195,LSF_1,hover,m_p1_K_10,0.1,10,1,0
0.63467,0.000192,40.978292,LSF_1,hover,m_p1_K_10,0.1,10,1,0
0.663167,0.000195,39.490121,LSF_1,hover,m_p1_K_10,0.1,10,1,0
0.602519,0.000192,37.925553,LSF_1,hover,m_p1_K_10,0.1,10,1,0
0.625456,0.000189,42.327814,LSF_1,hover,m_p1_K_10,0.1,10,1,0
0.623136,0.000188,43.178074,LSF_1,hover,m_p1_K_10,0.1,10,1,0
0.710464,0.0002,38.800292,LSF_1,hover,m_p1_K_10,0.1,10,1,0
0.211808,0.000154,102.065055,LSF_1,hover,m_1_K_p1,1,0.1,1,0
0.215621,0.000151,96.091867,LSF_1,hover,m_1_K_p1,1,0.1,1,0
0.2057,0.000152,103.264447,LSF_1,hover,m_1_K_p1,1,0.1,1,0
0.206552,0.00015,104.931593,LSF_1,hover,m_1_K_p1,1,0.1,1,0
0.204207,0.000147,107.114147,LSF_1,hover,m_1_K_p1,1,0.1,1,0
0.204195,0.000147,104.908058,LSF_1,hover,m_1_K_p1,1,0.1,1,0
0.217461,0.000153,99.193122,LSF_1,hover,m_1_K_p1,1,0.1,1,0
0.215574,0.000153,107.952131,LSF_1,hover,m_1_K_p1,1,0.1,1,0
0.214156,0.000154,97.202414,LSF_1,hover,m_1_K_p1,1,0.1,1,0
0.212072,0.000154,103.223034,LSF_1,hover,m_1_K_p1,1,0.1,1,0
0.229321,0.000159,116.353295,LSF_1,hover,m_1_K_p1,1,0.1,1,0
0.197072,0.000147,110.19905,LSF_1,hover,m_1_K_p1,1,0.1,1,0
0.221671,0.000152,104.060287,LSF_1,hover,m_1_K_p1,1,0.1,1,0
0.202576,0.000148,106.370153,LSF_1,hover,m_1_K_p1,1,0.1,1,0
0.204635,0.000152,119.399049,LSF_1,hover,m_1_K_p1,1,0.1,1,0
0.215527,0.00015,98.06072,LSF_1,hover,m_1_K_p1,1,0.1,1,0
0.205969,0.000148,108.284821,LSF_1,hover,m_1_K_p1,1,0.1,1,0
0.207845,0.00015,104.759472,LSF_1,hover,m_1_K_p1,1,0.1,1,0
0.214107,0.000155,107.260451,LSF_1,hover,m_1_K_p1,1,0.1,1,0
0.21552,0.000153,103.690912,LSF_1,hover,m_1_K_p1,1,0.1,1,0
0.203636,0.000145,106.040258,LSF_1,hover,m_1_K_p1,1,0.1,1,0
0.203092,0.000151,101.146704,LSF_1,hover,m_1_K_p1,1,0.1,1,0
0.203266,0.000155,104.424764,LSF_1,hover,m_1_K_p1,1,0.1,1,0
0.218098,0.000156,103.240345,LSF_1,hover,m_1_K_p1,1,0.1,1,0
0.216211,0.000151,101.032211,LSF_1,hover,m_1_K_p1,1,0.1,1,0
0.204034,0.000149,101.417881,LSF_1,hover,m_1_K_p1,1,0.1,1,0
0.201648,0.000146,104.942809,LSF_1,hover,m_1_K_p1,1,0.1,1,0
0.189638,0.000151,108.192291,LSF_1,hover,m_1_K_p1,1,0.1,1,0
0.206177,0.000154,111.203022,LSF_1,hover,m_1_K_p1,1,0.1,1,0
0.208047,0.000147,101.609458,LSF_1,hover,m_1_K_p1,1,0.1,1,0
0.19759,0.000148,104.844618,LSF_1,hover,m_1_K_p1,1,0.1,1,0
0.222677,0.00015,109.22704,LSF_1,hover,m_1_K_p1,1,0.1,1,0
0.211223,0.000152,106.425914,LSF_1,hover,m_1_K_p1,1,0.1,1,0
0.208665,0.000148,102.640193,LSF_1,hover,m_1_K_p1,1,0.1,1,0
0.21271,0.000155,107.411957,LSF_1,hover,m_1_K_p1,1,0.1,1,0
0.200024,0.000156,106.732204,LSF_1,hover,m_1_K_p1,1,0.1,1,0
0.203773,0.000152,111.909341,LSF_1,hover,m_1_K_p1,1,0.1,1,0
0.206791,0.000151,102.929203,LSF_1,hover,m_1_K_p1,1,0.1,1,0
0.21397,0.000151,96.212776,LSF_1,hover,m_1_K_p1,1,0.1,1,0
0.207069,0.000155,107.46047,LSF_1,hover,m_1_K_p1,1,0.1,1,0
0.207208,0.000145,98.972791,LSF_1,hover,m_1_K_1,1,1,1,0
0.217171,0.000146,113.32749,LSF_1,hover,m_1_K_1,1,1,1,0
0.194343,0.000149,105.540634,LSF_1,hover,m_1_K_1,1,1,1,0
0.206092,0.00015,97.482537,LSF_1,hover,m_1_K_1,1,1,1,0
0.212156,0.000153,100.956683,LSF_1,hover,m_1_K_1,1,1,1,0
0.223506,0.000153,94.487502,LSF_1,hover,m_1_K_1,1,1,1,0
0.219915,0.00015,103.731395,LSF_1,hover,m_1_K_1,1,1,1,0
0.222063,0.00015,94.757114,LSF_1,hover,m_1_K_1,1,1,1,0
0.200914,0.000152,113.563866,LSF_1,hover,m_1_K_1,1,1,1,0
0.213424,0.000151,96.569024,LSF_1,hover,m_1_K_1,1,1,1,0
0.219285,0.000157,104.552663,LSF_1,hover,m_1_K_1,1,1,1,0
0.207774,0.000153,101.695724,LSF_1,hover,m_1_K_1,1,1,1,0
0.210835,0.000152,104.665563,LSF_1,hover,m_1_K_1,1,1,1,0
0.20376,0.000151,101.85707,LSF_1,hover,m_1_K_1,1,1,1,0
0.214424,0.000151,105.907026,LSF_1,hover,m_1_K_1,1,1,1,0
0.21311,0.000152,102.745252,LSF_1,hover,m_1_K_1,1,1,1,0
0.214991,0.000149,96.990873,LSF_1,hover,m_1_K_1,1,1,1,0
0.222814,0.000156,98.17796,LSF_1,hover,m_1_K_1,1,1,1,0
0.207194,0.000156,107.936771,LSF_1,hover,m_1_K_1,1,1,1,0
0.204895,0.000144,106.615731,LSF_1,hover,m_1_K_1,1,1,1,0
0.21904,0.000153,110.016579,LSF_1,hover,m_1_K_1,1,1,1,0
0.201695,0.00015,113.138056,LSF_1,hover,m_1_K_1,1,1,1,0
0.211654,0.000148,101.551147,LSF_1,hover,m_1_K_1,1,1,1,0
0.209034,0.000151,109.403115,LSF_1,hover,m_1_K_1,1,1,1,0
0.210668,0.000144,97.975664,LSF_1,hover,m_1_K_1,1,1,1,0
0.214707,0.000154,104.985611,LSF_1,hover,m_1_K_1,1,1,1,0
0.208031,0.00015,98.142768,LSF_1,hover,m_1_K_1,1,1,1,0
0.211791,0.000147,97.325013,LSF_1,hover,m_1_K_1,1,1,1,0
0.206329,0.000147,94.928441,LSF_1,hover,m_1_K_1,1,1,1,0
0.198108,0.000149,102.572044,LSF_1,hover,m_1_K_1,1,1,1,0
0.215313,0.000156,108.519899,LSF_1,hover,m_1_K_1,1,1,1,0
0.195712,0.000151,104.04269,LSF_1,hover,m_1_K_1,1,1,1,0
0.189818,0.000151,112.670606,LSF_1,hover,m_1_K_1,1,1,1,0
0.227729,0.000151,99.7363,LSF_1,hover,m_1_K_1,1,1,1,0
0.208487,0.000144,106.398182,LSF_1,hover,m_1_K_1,1,1,1,0
0.210562,0.000153,96.550693,LSF_1,hover,m_1_K_1,1,1,1,0
0.205184,0.000151,111.666677,LSF_1,hover,m_1_K_1,1,1,1,0
0.213291,0.00015,98.235958,LSF_1,hover,m_1_K_1,1,1,1,0
0.207348,0.00015,105.936282,LSF_1,hover,m_1_K_1,1,1,1,0
0.213457,0.000151,102.586806,LSF_1,hover,m_1_K_1,1,1,1,0
0.214066,0.000149,117.576084,LSF_1,hover,m_1_K_10,1,10,1,0
0.196596,0.000144,112.124365,LSF_1,hover,m_1_K_10,1,10,1,0
0.215148,0.000148,101.595557,LSF_1,hover,m_1_K_10,1,10,1,0
0.208924,0.000149,97.169302,LSF_1,hover,m_1_K_10,1,10,1,0
0.224555,0.000149,97.799252,LSF_1,hover,m_1_K_10,1,10,1,0
0.207491,0.000149,96.187003,LSF_1,hover,m_1_K_10,1,10,1,0
0.19781,0.000143,104.708151,LSF_1,hover,m_1_K_10,1,10,1,0
0.200741,0.000144,96.753842,LSF_1,hover,m_1_K_10,1,10,1,0
0.210954,0.00015,102.995812,LSF_1,hover,m_1_K_10,1,10,1,0
0.204957,0.000149,97.090648,LSF_1,hover,m_1_K_10,1,10,1,0
0.206,0.000144,105.626784,LSF_1,hover,m_1_K_10,1,10,1,0
0.201073,0.000144,103.265281,LSF_1,hover,m_1_K_10,1,10,1,0
0.212961,0.000154,114.645011,LSF_1,hover,m_1_K_10,1,10,1,0
0.194492,0.000146,114.373233,LSF_1,hover,m_1_K_10,1,10,1,0
0.213711,0.000149,99.289528,LSF_1,hover,m_1_K_10,1,10,1,0
0.206366,0.000143,98.575137,LSF_1,hover,m_1_K_10,1,10,1,0
0.200455,0.000144,98.866996,LSF_1,hover,m_1_K_10,1,10,1,0
0.195659,0.000147,101.641914,LSF_1,hover,m_1_K_10,1,10,1,0
0.207688,0.000142,104.675801,LSF_1,hover,m_1_K_10,1,10,1,0
0.195592,0.000145,106.493674,LSF_1,hover,m_1_K_10,1,10,1,0
0.194978,0.000142,94.143123,LSF_1,hover,m_1_K_10,1,10,1,0
0.21546,0.000146,92.574268,LSF_1,hover,m_1_K_10,1,10,1,0
0.214267,0.000151,106.821913,LSF_1,hover,m_1_K_10,1,10,1,0
0.195307,0.000149,107.824297,LSF_1,hover,m_1_K_10,1,10,1,0
0.207417,0.000149,96.471098,LSF_1,hover,m_1_K_10,1,10,1,0
0.204347,0.000149,97.030402,LSF_1,hover,m_1_K_10,1,10,1,0
0.200522,0.000148,98.680941,LSF_1,hover,m_1_K_10,1,10,1,0
0.21183,0.000148,98.43068,LSF_1,hover,m_1_K_10,1,10,1,0
0.209217,0.000148,102.42045,LSF_1,hover,m_1_K_10,1,10,1,0
0.203417,0.000144,109.490778,LSF_1,hover,m_1_K_10,1,10,1,0
0.197958,0.000143,105.522038,LSF_1,hover,m_1_K_10,1,10,1,0
0.211857,0.000145,89.020295,LSF_1,hover,m_1_K_10,1,10,1,0
0.223335,0.000147,95.065039,LSF_1,hover,m_1_K_10,1,10,1,0
0.194523,0.000143,103.107744,LSF_1,hover,m_1_K_10,1,10,1,0
0.204705,0.000148,96.658312,LSF_1,hover,m_1_K_10,1,10,1,0
0.218116,0.000144,94.529899,LSF_1,hover,m_1_K_10,1,10,1,0
0.211193,0.000152,99.162804,LSF_1,hover,m_1_K_10,1,10,1,0
0.198779,0.000149,100.83917,LSF_1,hover,m_1_K_10,1,10,1,0
0.204779,0.000145,97.899661,LSF_1,hover,m_1_K_10,1,10,1,0
0.195077,0.000144,99.18239,LSF_1,hover,m_1_K_10,1,10,1,0
0.087138,0.000165,296.912149,LSF_1,hover,m_10_K_p1,10,0.1,1,0
0.091103,0.000165,286.279416,LSF_1,hover,m_10_K_p1,10,0.1,1,0
0.091296,0.000165,306.747968,LSF_1,hover,m_10_K_p1,10,0.1,1,0
0.085082,0.000163,292.620368,LSF_1,hover,m_10_K_p1,10,0.1,1,0
0.092097,0.000167,281.922239,LSF_1,hover,m_10_K_p1,10,0.1,1,0
0.082178,0.000156,276.708232,LSF_1,hover,m_10_K_p1,10,0.1,1,0
0.085629,0.000164,270.639329,LSF_1,hover,m_10_K_p1,10,0.1,1,0
0.0869,0.000163,300.011493,LSF_1,hover,m_10_K_p1,10,0.1,1,0
0.086821,0.000164,275.244948,LSF_1,hover,m_10_K_p1,10,0.1,1,0
0.084554,0.000161,304.040106,LSF_1,hover,m_10_K_p1,10,0.1,1,0
0.083256,0.000159,279.416385,LSF_1,hover,m_10_K_p1,10,0.1,1,0
0.090236,0.000166,287.937952,LSF_1,hover,m_10_K_p1,10,0.1,1,0
0.091325,0.000159,257.73383,LSF_1,hover,m_10_K_p1,10,0.1,1,0
0.089858,0.000169,302.813628,LSF_1,hover,m_10_K_p1,10,0.1,1,0
0.090793,0.000171,316.354571,LSF_1,hover,m_10_K_p1,10,0.1,1,0
0.095372,0.00017,278.810171,LSF_1,hover,m_10_K_p1,10,0.1,1,0
0.079879,0.00016,275.141339,LSF_1,hover,m_10_K_p1,10,0.1,1,0
0.08166,0.00016,287.272638,LSF_1,hover,m_10_K_p1,10,0.1,1,0
0.088591,0.000167,275.493785,LSF_1,hover,m_10_K_p1,10,0.1,1,0
0.084582,0.000161,274.722151,LSF_1,hover,m_10_K_p1,10,0.1,1,0
0.090053,0.000169,289.227483,LSF_1,hover,m_10_K_p1,10,0.1,1,0
0.087656,0.000161,267.150005,LSF_1,hover,m_10_K_p1,10,0.1,1,0
0.086984,0.000164,265.541881,LSF_1,hover,m_10_K_p1,10,0.1,1,0
0.085912,0.000161,283.910024,LSF_1,hover,m_10_K_p1,10,0.1,1,0
0.089418,0.000165,275.857321,LSF_1,hover,m_10_K_p1,10,0.1,1,0
0.084816,0.000159,275.09126,LSF_1,hover,m_10_K_p1,10,0.1,1,0
0.092347,0.000167,285.580361,LSF_1,hover,m_10_K_p1,10,0.1,1,0
0.091517,0.000173,270.061444,LSF_1,hover,m_10_K_p1,10,0.1,1,0
0.084799,0.000164,281.163018,LSF_1,hover,m_10_K_p1,10,0.1,1,0
0.091291,0.000163,269.881923,LSF_1,hover,m_10_K_p1,10,0.1,1,0
0.093168,0.000171,313.896076,LSF_1,hover,m_10_K_p1,10,0.1,1,0
0.087671,0.000162,269.143078,LSF_1,hover,m_10_K_p1,10,0.1,1,0
0.0851,0.000163,286.183273,LSF_1,hover,m_10_K_p1,10,0.1,1,0
0.087272,0.000166,263.403863,LSF_1,hover,m_10_K_p1,10,0.1,1,0
0.094764,0.000167,285.723977,LSF_1,hover,m_10_K_p1,10,0.1,1,0
0.08801,0.000154,255.346223,LSF_1,hover,m_10_K_p1,10,0.1,1,0
0.087013,0.000169,293.762474,LSF_1,hover,m_10_K_p1,10,0.1,1,0
0.087482,0.000165,281.373168,LSF_1,hover,m_10_K_p1,10,0.1,1,0
0.090917,0.000171,291.306394,LSF_1,hover,m_10_K_p1,10,0.1,1,0
0.085873,0.000165,283.229801,LSF_1,hover,m_10_K_p1,10,0.1,1,0
0.075011,0.000146,283.252545,LSF_1,hover,m_10_K_1,10,1,1,0
0.072614,0.000144,268.37013,LSF_1,hover,m_10_K_1,10,1,1,0
0.074366,0.000143,258.633685,LSF_1,hover,m_10_K_1,10,1,1,0
0.081864,0.000144,255.46811,LSF_1,hover,m_10_K_1,10,1,1,0
0.076351,0.00014,265.135914,LSF_1,hover,m_10_K_1,10,1,1,0
0.078036,0.000146,284.05349,LSF_1,hover,m_10_K_1,10,1,1,0
0.068824,0.000151,292.477868,LSF_1,hover,m_10_K_1,10,1,1,0
0.0755,0.000146,270.895769,LSF_1,hover,m_10_K_1,10,1,1,0
0.072696,0.000145,270.002743,LSF_1,hover,m_10_K_1,10,1,1,0
0.067711,0.000148,288.711276,LSF_1,hover,m_10_K_1,10,1,1,0
0.078692,0.000144,262.177935,LSF_1,hover,m_10_K_1,10,1,1,0
0.076486,0.000142,251.762409,LSF_1,hover,m_10_K_1,10,1,1,0
0.070981,0.000149,278.190515,LSF_1,hover,m_10_K_1,10,1,1,0
0.067692,0.000146,307.067872,LSF_1,hover,m_10_K_1,10,1,1,0
0.067467,0.000149,297.16464,LSF_1,hover,m_10_K_1,10,1,1,0
0.0761,0.000139,269.329433,LSF_1,hover,m_10_K_1,10,1,1,0
0.067819,0.000142,309.747086,LSF_1,hover,m_10_K_1,10,1,1,0
0.076781,0.000146,287.821653,LSF_1,hover,m_10_K_1,10,1,1,0
0.083203,0.00014,244.375919,LSF_1,hover,m_10_K_1,10,1,1,0
0.077146,0.000146,243.892589,LSF_1,hover,m_10_K_1,10,1,1,0
0.082553,0.000145,254.609042,LSF_1,hover,m_10_K_1,10,1,1,0
0.073162,0.000147,275.093466,LSF_1,hover,m_10_K_1,10,1,1,0
0.086506,0.000145,275.083877,LSF_1,hover,m_10_K_1,10,1,1,0
0.07189,0.00014,263.697463,LSF_1,hover,m_10_K_1,10,1,1,0
0.080772,0.000142,257.077667,LSF_1,hover,m_10_K_1,10,1,1,0
0.069147,0.000141,301.954088,LSF_1,hover,m_10_K_1,10,1,1,0
0.085191,0.000147,279.244668,LSF_1,hover,m_10_K_1,10,1,1,0
0.07757,0.000143,278.641024,LSF_1,hover,m_10_K_1,10,1,1,0
0.075383,0.000146,263.328203,LSF_1,hover,m_10_K_1,10,1,1,0
0.072962,0.000146,300.433302,LSF_1,hover,m_10_K_1,10,1,1,0
0.075628,0.000139,275.696977,LSF_1,hover,m_10_K_1,10,1,1,0
0.069373,0.000146,293.733876,LSF_1,hover,m_10_K_1,10,1,1,0
0.08149,0.000144,271.676755,LSF_1,hover,m_10_K_1,10,1,1,0
0.080731,0.000143,275.621258,LSF_1,hover,m_10_K_1,10,1,1,0
0.07656,0.000146,296.966429,LSF_1,hover,m_10_K_1,10,1,1,0
0.0876,0.000145,252.100338,LSF_1,hover,m_10_K_1,10,1,1,0
0.075664,0.000143,269.134177,LSF_1,hover,m_10_K_1,10,1,1,0
0.080878,0.00015,273.519525,LSF_1,hover,m_10_K_1,10,1,1,0
0.067129,0.00015,312.047792,LSF_1,hover,m_10_K_1,10,1,1,0
0.080443,0.000139,263.928317,LSF_1,hover,m_10_K_1,10,1,1,0
0.071414,0.000141,285.354889,LSF_1,hover,m_10_K_10,10,10,1,0
0.073062,0.000145,292.79592,LSF_1,hover,m_10_K_10,10,10,1,0
0.066932,0.000147,312.27688,LSF_1,hover,m_10_K_10,10,10,1,0
0.072881,0.000146,283.372243,LSF_1,hover,m_10_K_10,10,10,1,0
0.069435,0.000147,291.400505,LSF_1,hover,m_10_K_10,10,10,1,0
0.06351,0.000157,334.474476,LSF_1,hover,m_10_K_10,10,10,1,0
0.06627,0.000154,329.66444,LSF_1,hover,m_10_K_10,10,10,1,0
0.073787,0.000145,300.445136,LSF_1,hover,m_10_K_10,10,10,1,0
0.067467,0.000155,303.463686,LSF_1,hover,m_10_K_10,10,10,1,0
0.065796,0.000144,285.459554,LSF_1,hover,m_10_K_10,10,10,1,0
0.066061,0.000156,302.082419,LSF_1,hover,m_10_K_10,10,10,1,0
0.062809,0.000151,335.108081,LSF_1,hover,m_10_K_10,10,10,1,0
0.063667,0.000147,321.920795,LSF_1,hover,m_10_K_10,10,10,1,0
0.076374,0.000147,289.326439,LSF_1,hover,m_10_K_10,10,10,1,0
0.067824,0.000147,278.150113,LSF_1,hover,m_10_K_10,10,10,1,0
0.069146,0.00015,289.656848,LSF_1,hover,m_10_K_10,10,10,1,0
0.069386,0.000145,273.143929,LSF_1,hover,m_10_K_10,10,10,1,0
0.065901,0.000152,317.029132,LSF_1,hover,m_10_K_10,10,10,1,0
0.075084,0.000145,306.291854,LSF_1,hover,m_10_K_10,10,10,1,0
0.069882,0.00015,282.629893,LSF_1,hover,m_10_K_10,10,10,1,0
0.068735,0.000148,286.165787,LSF_1,hover,m_10_K_10,10,10,1,0
0.06967,0.000149,319.793353,LSF_1,hover,m_10_K_10,10,10,1,0
0.063744,0.000147,300.355377,LSF_1,hover,m_10_K_10,10,10,1,0
0.069455,0.000145,282.052038,LSF_1,hover,m_10_K_10,10,10,1,0
0.068379,0.000147,336.772608,LSF_1,hover,m_10_K_10,10,10,1,0
0.065374,0.000145,291.584944,LSF_1,hover,m_10_K_10,10,10,1,0
0.065664,0.000152,310.423207,LSF_1,hover,m_10_K_10,10,10,1,0
0.069023,0.00014,290.369535,LSF_1,hover,m_10_K_10,10,10,1,0
0.065905,0.00015,308.244248,LSF_1,hover,m_10_K_10,10,10,1,0
0.067777,0.000149,290.678582,LSF_1,hover,m_10_K_10,10,10,1,0
0.074296,0.000144,281.858797,LSF_1,hover,m_10_K_10,10,10,1,0
0.063485,0.000152,327.611534,LSF_1,hover,m_10_K_10,10,10,1,0
0.062612,0.00015,323.635974,LSF_1,hover,m_10_K_10,10,10,1,0
0.069017,0.000151,300.285458,LSF_1,hover,m_10_K_10,10,10,1,0
0.06704,0.000151,303.01292,LSF_1,hover,m_10_K_10,10,10,1,0
0.071839,0.000149,297.365151,LSF_1,hover,m_10_K_10,10,10,1,0
0.066582,0.00015,293.854154,LSF_1,hover,m_10_K_10,10,10,1,0
0.068059,0.000154,303.70808,LSF_1,hover,m_10_K_10,10,10,1,0
0.062689,0.000142,284.062881,LSF_1,hover,m_10_K_10,10,10,1,0
0.069572,0.000143,277.362563,LSF_1,hover,m_10_K_10,10,10,1,0
0.289348,0.006783,20.366617,LSF_p5,hover,L05_E0,1,1,0.5,0
0.282012,0.007149,20.350063,LSF_p5,hover,L05_E0,1,1,0.5,0
0.291849,0.007204,20.705512,LSF_p5,hover,L05_E0,1,1,0.5,0
0.294738,0.007186,20.650817,LSF_p5,hover,L05_E0,1,1,0.5,0
0.288586,0.006693,20.19075,LSF_p5,hover,L05_E0,1,1,0.5,0
0.298483,0.007338,19.983031,LSF_p5,hover,L05_E0,1,1,0.5,0
0.290124,0.007105,19.923874,LSF_p5,hover,L05_E0,1,1,0.5,0
0.282339,0.006694,19.811538,LSF_p5,hover,L05_E0,1,1,0.5,0
0.270936,0.006995,21.17993,LSF_p5,hover,L05_E0,1,1,0.5,0
0.276723,0.007302,20.224932,LSF_p5,hover,L05_E0,1,1,0.5,0
0.276288,0.00689,20.038297,LSF_p5,hover,L05_E0,1,1,0.5,0
0.291984,0.007082,20.139696,LSF_p5,hover,L05_E0,1,1,0.5,0
0.280466,0.006637,20.215417,LSF_p5,hover,L05_E0,1,1,0.5,0
0.283667,0.007229,20.471666,LSF_p5,hover,L05_E0,1,1,0.5,0
0.286357,0.006772,19.510865,LSF_p5,hover,L05_E0,1,1,0.5,0
0.286313,0.006868,20.330327,LSF_p5,hover,L05_E0,1,1,0.5,0
0.271902,0.006787,20.786925,LSF_p5,hover,L05_E0,1,1,0.5,0
0.292022,0.007215,19.783689,LSF_p5,hover,L05_E0,1,1,0.5,0
0.302887,0.0074,20.085935,LSF_p5,hover,L05_E0,1,1,0.5,0
0.296397,0.007033,20.896534,LSF_p5,hover,L05_E0,1,1,0.5,0
0.287942,0.00701,19.794369,LSF_p5,hover,L05_E0,1,1,0.5,0
0.283442,0.00714,19.641829,LSF_p5,hover,L05_E0,1,1,0.5,0
0.28116,0.006669,20.070366,LSF_p5,hover,L05_E0,1,1,0.5,0
0.288037,0.007417,20.384569,LSF_p5,hover,L05_E0,1,1,0.5,0
0.298408,0.007343,19.966832,LSF_p5,hover,L05_E0,1,1,0.5,0
0.28834,0.007133,20.177638,LSF_p5,hover,L05_E0,1,1,0.5,0
0.288811,0.006655,19.855636,LSF_p5,hover,L05_E0,1,1,0.5,0
0.289229,0.006984,20.062675,LSF_p5,hover,L05_E0,1,1,0.5,0
0.290078,0.007167,20.781998,LSF_p5,hover,L05_E0,1,1,0.5,0
0.297084,0.007453,20.449148,LSF_p5,hover,L05_E0,1,1,0.5,0
0.306217,0.007436,20.095858,LSF_p5,hover,L05_E0,1,1,0.5,0
0.279586,0.006849,20.777185,LSF_p5,hover,L05_E0,1,1,0.5,0
0.283012,0.006758,20.166355,LSF_p5,hover,L05_E0,1,1,0.5,0
0.280742,0.007098,20.597371,LSF_p5,hover,L05_E0,1,1,0.5,0
0.287398,0.00672,19.642794,LSF_p5,hover,L05_E0,1,1,0.5,0
0.286109,0.006981,20.331532,LSF_p5,hover,L05_E0,1,1,0.5,0
0.286726,0.007234,20.004464,LSF_p5,hover,L05_E0,1,1,0.5,0
0.298854,0.007195,20.49976,LSF_p5,hover,L05_E0,1,1,0.5,0
0.267887,0.006908,20.354721,LSF_p5,hover,L05_E0,1,1,0.5,0
0.278026,0.007193,20.668367,LSF_p5,hover,L05_E0,1,1,0.5,0
0.18459,0.004332,20.500422,LSF_p5,hover,L05_Ep2,1,1,0.5,0.2
0.215981,0.004828,18.703098,LSF_p5,hover,L05_Ep2,1,1,0.5,0.2
0.191614,0.004521,18.850323,LSF_p5,hover,L05_Ep2,1,1,0.5,0.2
0.194859,0.004279,18.452642,LSF_p5,hover,L05_Ep2,1,1,0.5,0.2
0.197652,0.004548,18.970564,LSF_p5,hover,L05_Ep2,1,1,0.5,0.2
0.205694,0.004581,19.050102,LSF_p5,hover,L05_Ep2,1,1,0.5,0.2
0.21864,0.004772,19.499005,LSF_p5,hover,L05_Ep2,1,1,0.5,0.2
0.191883,0.004365,18.924347,LSF_p5,hover,L05_Ep2,1,1,0.5,0.2
0.207202,0.004566,19.070702,LSF_p5,hover,L05_Ep2,1,1,0.5,0.2
0.207984,0.004494,18.50952,LSF_p5,hover,L05_Ep2,1,1,0.5,0.2
0.187988,0.004243,19.064585,LSF_p5,hover,L05_Ep2,1,1,0.5,0.2
0.196141,0.004287,19.201207,LSF_p5,hover,L05_Ep2,1,1,0.5,0.2
0.209717,0.004613,19.250109,LSF_p5,hover,L05_Ep2,1,1,0.5,0.2
0.198829,0.004517,19.34334,LSF_p5,hover,L05_Ep2,1,1,0.5,0.2
0.209942,0.004704,18.801367,LSF_p5,hover,L05_Ep2,1,1,0.5,0.2
0.177813,0.004338,19.389832,LSF_p5,hover,L05_Ep2,1,1,0.5,0.2
0.206641,0.004598,19.096882,LSF_p5,hover,L05_Ep2,1,1,0.5,0.2
0.193582,0.004438,19.41156,LSF_p5,hover,L05_Ep2,1,1,0.5,0.2
0.194375,0.004473,19.220586,LSF_p5,hover,L05_Ep2,1,1,0.5,0.2
0.196489,0.004353,21.23055,LSF_p5,hover,L05_Ep2,1,1,0.5,0.2
0.199876,0.0046,19.485264,LSF_p5,hover,L05_Ep2,1,1,0.5,0.2
0.203802,0.00459,19.219924,LSF_p5,hover,L05_Ep2,1,1,0.5,0.2
0.22005,0.004585,18.099875,LSF_p5,hover,L05_Ep2,1,1,0.5,0.2
0.190686,0.004342,19.678419,LSF_p5,hover,L05_Ep2,1,1,0.5,0.2
0.209403,0.004723,18.656592,LSF_p5,hover,L05_Ep2,1,1,0.5,0.2
0.211911,0.004747,19.521357,LSF_p5,hover,L05_Ep2,1,1,0.5,0.2
0.199011,0.004458,19.530987,LSF_p5,hover,L05_Ep2,1,1,0.5,0.2
0.18722,0.004458,19.510998,LSF_p5,hover,L05_Ep2,1,1,0.5,0.2
0.201418,0.004209,19.049281,LSF_p5,hover,L05_Ep2,1,1,0.5,0.2
0.200359,0.004747,19.539466,LSF_p5,hover,L05_Ep2,1,1,0.5,0.2
0.213525,0.00472,18.618103,LSF_p5,hover,L05_Ep2,1,1,0.5,0.2
0.210011,0.004713,18.688441,LSF_p5,hover,L05_Ep2,1,1,0.5,0.2
0.203997,0.004552,19.625606,LSF_p5,hover,L05_Ep2,1,1,0.5,0.2
0.197018,0.004404,18.463592,LSF_p5,hover,L05_Ep2,1,1,0.5,0.2
0.198872,0.004602,18.615405,LSF_p5,hover,L05_Ep2,1,1,0.5,0.2
0.216965,0.004912,19.199916,LSF_p5,hover,L05_Ep2,1,1,0.5,0.2
0.203747,0.004676,19.847243,LSF_p5,hover,L05_Ep2,1,1,0.5,0.2
0.205579,0.004531,19.084094,LSF_p5,hover,L05_Ep2,1,1,0.5,0.2
0.214771,0.004682,18.791987,LSF_p5,hover,L05_Ep2,1,1,0.5,0.2
0.208893,0.00443,18.960397,LSF_p5,hover,L05_Ep2,1,1,0.5,0.2
0.139974,0.003089,19.723407,LSF_p5,hover,L05_Ep4,1,1,0.5,0.4
0.148559,0.003115,20.456245,LSF_p5,hover,L05_Ep4,1,1,0.5,0.4
0.149289,0.003315,19.586494,LSF_p5,hover,L05_Ep4,1,1,0.5,0.4
0.141297,0.003343,19.74347,LSF_p5,hover,L05_Ep4,1,1,0.5,0.4
0.152125,0.003382,20.157236,LSF_p5,hover,L05_Ep4,1,1,0.5,0.4
0.145273,0.003249,19.017646,LSF_p5,hover,L05_Ep4,1,1,0.5,0.4
0.149664,0.003271,19.421301,LSF_p5,hover,L05_Ep4,1,1,0.5,0.4
0.151998,0.003388,19.828202,LSF_p5,hover,L05_Ep4,1,1,0.5,0.4
0.14313,0.003247,19.943885,LSF_p5,hover,L05_Ep4,1,1,0.5,0.4
0.141066,0.003186,19.984354,LSF_p5,hover,L05_Ep4,1,1,0.5,0.4
0.140729,0.003089,19.981806,LSF_p5,hover,L05_Ep4,1,1,0.5,0.4
0.152289,0.003377,19.211661,LSF_p5,hover,L05_Ep4,1,1,0.5,0.4
0.152578,0.003375,18.447816,LSF_p5,hover,L05_Ep4,1,1,0.5,0.4
0.148439,0.003438,19.893173,LSF_p5,hover,L05_Ep4,1,1,0.5,0.4
0.151684,0.003261,20.018918,LSF_p5,hover,L05_Ep4,1,1,0.5,0.4
0.151125,0.003398,19.358456,LSF_p5,hover,L05_Ep4,1,1,0.5,0.4
0.149955,0.003363,19.124785,LSF_p5,hover,L05_Ep4,1,1,0.5,0.4
0.153711,0.003446,18.930475,LSF_p5,hover,L05_Ep4,1,1,0.5,0.4
0.139225,0.003356,20.430526,LSF_p5,hover,L05_Ep4,1,1,0.5,0.4
0.149131,0.003298,19.384662,LSF_p5,hover,L05_Ep4,1,1,0.5,0.4
0.142924,0.00315,19.482723,LSF_p5,hover,L05_Ep4,1,1,0.5,0.4
0.146563,0.003309,18.975987,LSF_p5,hover,L05_Ep4,1,1,0.5,0.4
0.145108,0.003282,20.651449,LSF_p5,hover,L05_Ep4,1,1,0.5,0.4
0.149503,0.003306,19.512345,LSF_p5,hover,L05_Ep4,1,1,0.5,0.4
0.141957,0.003396,19.105246,LSF_p5,hover,L05_Ep4,1,1,0.5,0.4
0.138504,0.003196,19.989621,LSF_p5,hover,L05_Ep4,1,1,0.5,0.4
0.139464,0.003158,19.622765,LSF_p5,hover,L05_Ep4,1,1,0.5,0.4
0.144218,0.00334,19.517003,LSF_p5,hover,L05_Ep4,1,1,0.5,0.4
0.147695,0.003212,19.061646,LSF_p5,hover,L05_Ep4,1,1,0.5,0.4
0.155178,0.003451,19.489226,LSF_p5,hover,L05_Ep4,1,1,0.5,0.4
0.145933,0.003244,19.117413,LSF_p5,hover,L05_Ep4,1,1,0.5,0.4
0.143927,0.003135,19.915775,LSF_p5,hover,L05_Ep4,1,1,0.5,0.4
0.153002,0.003464,19.427679,LSF_p5,hover,L05_Ep4,1,1,0.5,0.4
0.143239,0.00332,19.096217,LSF_p5,hover,L05_Ep4,1,1,0.5,0.4
0.147213,0.003331,19.222445,LSF_p5,hover,L05_Ep4,1,1,0.5,0.4
0.152516,0.003358,19.267206,LSF_p5,hover,L05_Ep4,1,1,0.5,0.4
0.150345,0.003272,19.998418,LSF_p5,hover,L05_Ep4,1,1,0.5,0.4
0.13992,0.003223,19.975971,LSF_p5,hover,L05_Ep4,1,1,0.5,0.4
0.149551,0.003365,19.420684,LSF_p5,hover,L05_Ep4,1,1,0.5,0.4
0.154965,0.003366,19.754292,LSF_p5,hover,L05_Ep4,1,1,0.5,0.4
0.203123,0.14958,100.673219,LSF_1,hover,L10_E0,1,1,1,0
0.201101,0.147205,100.174373,LSF_1,hover,L10_E0,1,1,1,0
0.211109,0.149493,111.507991,LSF_1,hover,L10_E0,1,1,1,0
0.193708,0.147724,102.597332,LSF_1,hover,L10_E0,1,1,1,0
0.208861,0.149445,107.024418,LSF_1,hover,L10_E0,1,1,1,0
0.199678,0.151468,109.838111,LSF_1,hover,L10_E0,1,1,1,0
0.214395,0.14886,103.362748,LSF_1,hover,L10_E0,1,1,1,0
0.210885,0.145976,97.57063,LSF_1,hover,L10_E0,1,1,1,0
0.201711,0.147064,93.500486,LSF_1,hover,L10_E0,1,1,1,0
0.225191,0.152915,96.156967,LSF_1,hover,L10_E0,1,1,1,0
0.206701,0.146394,109.942141,LSF_1,hover,L10_E0,1,1,1,0
0.208424,0.152449,105.35538,LSF_1,hover,L10_E0,1,1,1,0
0.203437,0.148364,104.788568,LSF_1,hover,L10_E0,1,1,1,0
0.199786,0.153478,113.452643,LSF_1,hover,L10_E0,1,1,1,0
0.210919,0.150701,102.992303,LSF_1,hover,L10_E0,1,1,1,0
0.203162,0.150864,97.813759,LSF_1,hover,L10_E0,1,1,1,0
0.212015,0.153308,102.898066,LSF_1,hover,L10_E0,1,1,1,0
0.200936,0.147248,103.118273,LSF_1,hover,L10_E0,1,1,1,0
0.215055,0.151042,101.402527,LSF_1,hover,L10_E0,1,1,1,0
0.201671,0.148729,103.435571,LSF_1,hover,L10_E0,1,1,1,0
0.208346,0.147647,98.584591,LSF_1,hover,L10_E0,1,1,1,0
0.197511,0.150217,102.130503,LSF_1,hover,L10_E0,1,1,1,0
0.227277,0.152383,99.362211,LSF_1,hover,L10_E0,1,1,1,0
0.208443,0.15093,106.851443,LSF_1,hover,L10_E0,1,1,1,0
0.214043,0.151425,102.206219,LSF_1,hover,L10_E0,1,1,1,0
0.206626,0.150832,99.887813,LSF_1,hover,L10_E0,1,1,1,0
0.207554,0.145267,97.405245,LSF_1,hover,L10_E0,1,1,1,0
0.20975,0.145862,100.323153,LSF_1,hover,L10_E0,1,1,1,0
0.21423,0.149644,101.316426,LSF_1,hover,L10_E0,1,1,1,0
0.209364,0.147561,98.173042,LSF_1,hover,L10_E0,1,1,1,0
0.223013,0.148744,101.891737,LSF_1,hover,L10_E0,1,1,1,0
0.204735,0.144796,106.268919,LSF_1,hover,L10_E0,1,1,1,0
0.211069,0.148828,97.275009,LSF_1,hover,L10_E0,1,1,1,0
0.188813,0.145007,101.385996,LSF_1,hover,L10_E0,1,1,1,0
0.216582,0.151643,115.051812,LSF_1,hover,L10_E0,1,1,1,0
0.210687,0.148558,105.604301,LSF_1,hover,L10_E0,1,1,1,0
0.209873,0.150677,111.215355,LSF_1,hover,L10_E0,1,1,1,0
0.20189,0.151137,110.231298,LSF_1,hover,L10_E0,1,1,1,0
0.212591,0.15015,101.135435,LSF_1,hover,L10_E0,1,1,1,0
0.206372,0.149515,101.935671,LSF_1,hover,L10_E0,1,1,1,0
0.142028,0.133505,125.163707,LSF_1,hover,L10_Ep2,1,1,1,0.2
0.142773,0.135889,130.498216,LSF_1,hover,L10_Ep2,1,1,1,0.2
0.155953,0.138707,131.966686,LSF_1,hover,L10_Ep2,1,1,1,0.2
0.146316,0.136381,128.009645,LSF_1,hover,L10_Ep2,1,1,1,0.2
0.145644,0.136547,181.325298,LSF_1,hover,L10_Ep2,1,1,1,0.2
0.156339,0.139956,130.49792,LSF_1,hover,L10_Ep2,1,1,1,0.2
0.15099,0.132988,126.883837,LSF_1,hover,L10_Ep2,1,1,1,0.2
0.149943,0.139173,130.153902,LSF_1,hover,L10_Ep2,1,1,1,0.2
0.163128,0.13498,114.960097,LSF_1,hover,L10_Ep2,1,1,1,0.2
0.158337,0.134827,128.952661,LSF_1,hover,L10_Ep2,1,1,1,0.2
0.145986,0.137904,126.843457,LSF_1,hover,L10_Ep2,1,1,1,0.2
0.149927,0.138353,130.738434,LSF_1,hover,L10_Ep2,1,1,1,0.2
0.145154,0.138841,130.34043,LSF_1,hover,L10_Ep2,1,1,1,0.2
0.14704,0.131908,124.733199,LSF_1,hover,L10_Ep2,1,1,1,0.2
0.150436,0.135283,122.290573,LSF_1,hover,L10_Ep2,1,1,1,0.2
0.14833,0.137488,121.419703,LSF_1,hover,L10_Ep2,1,1,1,0.2
0.149202,0.133379,121.205492,LSF_1,hover,L10_Ep2,1,1,1,0.2
0.149364,0.142147,124.728654,LSF_1,hover,L10_Ep2,1,1,1,0.2
0.153895,0.13568,112.852814,LSF_1,hover,L10_Ep2,1,1,1,0.2
0.148153,0.134733,119.454663,LSF_1,hover,L10_Ep2,1,1,1,0.2
0.154605,0.133269,119.751697,LSF_1,hover,L10_Ep2,1,1,1,0.2
0.146883,0.138667,122.241122,LSF_1,hover,L10_Ep2,1,1,1,0.2
0.152279,0.137803,128.320909,LSF_1,hover,L10_Ep2,1,1,1,0.2
0.147621,0.135169,121.542463,LSF_1,hover,L10_Ep2,1,1,1,0.2
0.142978,0.134982,134.736536,LSF_1,hover,L10_Ep2,1,1,1,0.2
0.137959,0.134566,128.121278,LSF_1,hover,L10_Ep2,1,1,1,0.2
0.151709,0.137341,128.930273,LSF_1,hover,L10_Ep2,1,1,1,0.2
0.152967,0.13921,130.060545,LSF_1,hover,L10_Ep2,1,1,1,0.2
0.15752,0.140086,130.843175,LSF_1,hover,L10_Ep2,1,1,1,0.2
0.158073,0.134624,116.683411,LSF_1,hover,L10_Ep2,1,1,1,0.2
0.145172,0.137954,129.39145,LSF_1,hover,L10_Ep2,1,1,1,0.2
0.156002,0.136166,113.103643,LSF_1,hover,L10_Ep2,1,1,1,0.2
0.149514,0.136815,136.527288,LSF_1,hover,L10_Ep2,1,1,1,0.2
0.154929,0.138998,120.649412,LSF_1,hover,L10_Ep2,1,1,1,0.2
0.145436,0.136783,126.016585,LSF_1,hover,L10_Ep2,1,1,1,0.2
0.14936,0.133456,117.653327,LSF_1,hover,L10_Ep2,1,1,1,0.2
0.143898,0.137121,126.425732,LSF_1,hover,L10_Ep2,1,1,1,0.2
0.151401,0.134769,120.432037,LSF_1,hover,L10_Ep2,1,1,1,0.2
0.144806,0.140254,129.863319,LSF_1,hover,L10_Ep2,1,1,1,0.2
0.142829,0.137871,131.108172,LSF_1,hover,L10_Ep2,1,1,1,0.2
0.117045,0.120193,133.930175,LSF_1,hover,L10_Ep4,1,1,1,0.4
0.114724,0.125567,146.884027,LSF_1,hover,L10_Ep4,1,1,1,0.4
0.115314,0.124123,140.158807,LSF_1,hover,L10_Ep4,1,1,1,0.4
0.104546,0.123775,155.578635,LSF_1,hover,L10_Ep4,1,1,1,0.4
0.110857,0.122988,145.236323,LSF_1,hover,L10_Ep4,1,1,1,0.4
0.108683,0.120989,160.905962,LSF_1,hover,L10_Ep4,1,1,1,0.4
0.11027,0.123484,155.962695,LSF_1,hover,L10_Ep4,1,1,1,0.4
0.112235,0.12504,145.553173,LSF_1,hover,L10_Ep4,1,1,1,0.4
0.11457,0.125818,150.911254,LSF_1,hover,L10_Ep4,1,1,1,0.4
0.111176,0.124705,151.929266,LSF_1,hover,L10_Ep4,1,1,1,0.4
0.110175,0.123899,158.633765,LSF_1,hover,L10_Ep4,1,1,1,0.4
0.106135,0.124879,148.161153,LSF_1,hover,L10_Ep4,1,1,1,0.4
0.11183,0.122917,153.994669,LSF_1,hover,L10_Ep4,1,1,1,0.4
0.116846,0.121057,145.167955,LSF_1,hover,L10_Ep4,1,1,1,0.4
0.113357,0.122407,149.561215,LSF_1,hover,L10_Ep4,1,1,1,0.4
0.111371,0.120793,158.593453,LSF_1,hover,L10_Ep4,1,1,1,0.4
0.11788,0.128829,149.424624,LSF_1,hover,L10_Ep4,1,1,1,0.4
0.11088,0.124154,137.050175,LSF_1,hover,L10_Ep4,1,1,1,0.4
0.112034,0.12459,147.091878,LSF_1,hover,L10_Ep4,1,1,1,0.4
0.10949,0.122353,147.569547,LSF_1,hover,L10_Ep4,1,1,1,0.4
0.108335,0.126648,143.264831,LSF_1,hover,L10_Ep4,1,1,1,0.4
0.111918,0.122612,142.986841,LSF_1,hover,L10_Ep4,1,1,1,0.4
0.115775,0.121303,138.828181,LSF_1,hover,L10_Ep4,1,1,1,0.4
0.106863,0.120429,161.327778,LSF_1,hover,L10_Ep4,1,1,1,0.4
0.104765,0.123836,148.635468,LSF_1,hover,L10_Ep4,1,1,1,0.4
0.103843,0.122907,149.757197,LSF_1,hover,L10_Ep4,1,1,1,0.4
0.113458,0.126966,147.682585,LSF_1,hover,L10_Ep4,1,1,1,0.4
0.11397,0.12512,144.100498,LSF_1,hover,L10_Ep4,1,1,1,0.4
0.107379,0.126404,152.435629,LSF_1,hover,L10_Ep4,1,1,1,0.4
0.115479,0.121583,141.154512,LSF_1,hover,L10_Ep4,1,1,1,0.4
0.113758,0.121137,148.627429,LSF_1,hover,L10_Ep4,1,1,1,0.4
0.115869,0.124859,133.873955,LSF_1,hover,L10_Ep4,1,1,1,0.4
0.109094,0.126182,151.023691,LSF_1,hover,L10_Ep4,1,1,1,0.4
0.113285,0.127404,145.373502,LSF_1,hover,L10_Ep4,1,1,1,0.4
0.11277,0.12788,159.376848,LSF_1,hover,L10_Ep4,1,1,1,0.4
0.108052,0.125872,156.410415,LSF_1,hover,L10_Ep4,1,1,1,0.4
0.113671,0.125876,155.897065,LSF_1,hover,L10_Ep4,1,1,1,0.4
0.108918,0.122608,148.772389,LSF_1,hover,L10_Ep4,1,1,1,0.4
0.11391,0.128713,153.925826,LSF_1,hover,L10_Ep4,1,1,1,0.4
0.110269,0.123325,141.98541,LSF_1,hover,L10_Ep4,1,1,1,0.4
0.211016,6.388902,272.578369,LSF_2,hover,L20_E0,1,1,2,0
0.204913,6.151221,238.340878,LSF_2,hover,L20_E0,1,1,2,0
0.225249,6.548984,274.686289,LSF_2,hover,L20_E0,1,1,2,0
0.217782,6.286288,255.352222,LSF_2,hover,L20_E0,1,1,2,0
0.192467,6.323786,257.050437,LSF_2,hover,L20_E0,1,1,2,0
0.21707,6.434424,268.833023,LSF_2,hover,L20_E0,1,1,2,0
0.203263,6.518348,269.328058,LSF_2,hover,L20_E0,1,1,2,0
0.206244,6.508544,275.853847,LSF_2,hover,L20_E0,1,1,2,0
0.228744,6.556106,275.524987,LSF_2,hover,L20_E0,1,1,2,0
0.221845,6.482307,280.56393,LSF_2,hover,L20_E0,1,1,2,0
0.219131,6.47802,279.662054,LSF_2,hover,L20_E0,1,1,2,0
0.214271,6.200278,260.442581,LSF_2,hover,L20_E0,1,1,2,0
0.224744,6.389265,272.649741,LSF_2,hover,L20_E0,1,1,2,0
0.218589,6.552042,275.078653,LSF_2,hover,L20_E0,1,1,2,0
0.209381,6.369834,271.739289,LSF_2,hover,L20_E0,1,1,2,0
0.215336,6.119595,250.133378,LSF_2,hover,L20_E0,1,1,2,0
0.216574,6.414721,283.773777,LSF_2,hover,L20_E0,1,1,2,0
0.219227,6.179608,278.844644,LSF_2,hover,L20_E0,1,1,2,0
0.216119,6.815362,273.614405,LSF_2,hover,L20_E0,1,1,2,0
0.213657,6.473538,258.123905,LSF_2,hover,L20_E0,1,1,2,0
0.219443,6.232108,256.355339,LSF_2,hover,L20_E0,1,1,2,0
0.204454,6.487648,280.337156,LSF_2,hover,L20_E0,1,1,2,0
0.22092,6.696488,293.632249,LSF_2,hover,L20_E0,1,1,2,0
0.217959,6.577579,277.430985,LSF_2,hover,L20_E0,1,1,2,0
0.224196,6.692524,281.542736,LSF_2,hover,L20_E0,1,1,2,0
0.209163,6.101747,264.719727,LSF_2,hover,L20_E0,1,1,2,0
0.228216,6.63627,260.89269,LSF_2,hover,L20_E0,1,1,2,0
0.223942,6.381815,296.623771,LSF_2,hover,L20_E0,1,1,2,0
0.213626,6.14272,247.572341,LSF_2,hover,L20_E0,1,1,2,0
0.222622,6.509199,288.416773,LSF_2,hover,L20_E0,1,1,2,0
0.205311,6.405317,287.9946,LSF_2,hover,L20_E0,1,1,2,0
0.216343,6.465704,311.562717,LSF_2,hover,L20_E0,1,1,2,0
0.218274,6.092506,255.473777,LSF_2,hover,L20_E0,1,1,2,0
0.217492,6.427493,268.725934,LSF_2,hover,L20_E0,1,1,2,0
0.221074,6.483612,280.739309,LSF_2,hover,L20_E0,1,1,2,0
0.218824,6.029376,252.48284,LSF_2,hover,L20_E0,1,1,2,0
0.215066,6.383926,274.912722,LSF_2,hover,L20_E0,1,1,2,0
0.21717,6.26957,299.962179,LSF_2,hover,L20_E0,1,1,2,0
0.218296,6.460316,270.915566,LSF_2,hover,L20_E0,1,1,2,0
0.225708,6.377803,258.878033,LSF_2,hover,L20_E0,1,1,2,0
0.167673,4.771708,273.491642,LSF_2,hover,L20_Ep2,1,1,2,0.2
0.179879,4.843382,251.150338,LSF_2,hover,L20_Ep2,1,1,2,0.2
0.170571,4.928267,286.116038,LSF_2,hover,L20_Ep2,1,1,2,0.2
0.18448,4.779242,272.136596,LSF_2,hover,L20_Ep2,1,1,2,0.2
0.171223,5.024858,255.791693,LSF_2,hover,L20_Ep2,1,1,2,0.2
0.171102,4.84863,266.640828,LSF_2,hover,L20_Ep2,1,1,2,0.2
0.17327,5.007327,276.577367,LSF_2,hover,L20_Ep2,1,1,2,0.2
0.180319,5.202668,269.480257,LSF_2,hover,L20_Ep2,1,1,2,0.2
0.167215,4.734264,273.38542,LSF_2,hover,L20_Ep2,1,1,2,0.2
0.168686,5.158059,279.359124,LSF_2,hover,L20_Ep2,1,1,2,0.2
0.180482,4.866997,269.948336,LSF_2,hover,L20_Ep2,1,1,2,0.2
0.177749,4.711255,250.590784,LSF_2,hover,L20_Ep2,1,1,2,0.2
0.168064,4.846888,277.036334,LSF_2,hover,L20_Ep2,1,1,2,0.2
0.17169,5.406489,299.321738,LSF_2,hover,L20_Ep2,1,1,2,0.2
0.167783,4.952289,263.39899,LSF_2,hover,L20_Ep2,1,1,2,0.2
0.166358,4.964493,263.582051,LSF_2,hover,L20_Ep2,1,1,2,0.2
0.174821,4.854454,257.62609,LSF_2,hover,L20_Ep2,1,1,2,0.2
0.17302,5.3048,309.479386,LSF_2,hover,L20_Ep2,1,1,2,0.2
0.171067,4.930761,269.339887,LSF_2,hover,L20_Ep2,1,1,2,0.2
0.181979,5.133862,278.942824,LSF_2,hover,L20_Ep2,1,1,2,0.2
0.175436,5.220376,264.015231,LSF_2,hover,L20_Ep2,1,1,2,0.2
0.167443,4.915019,274.038859,LSF_2,hover,L20_Ep2,1,1,2,0.2
0.181573,5.089962,278.797299,LSF_2,hover,L20_Ep2,1,1,2,0.2
0.180161,5.029211,266.330313,LSF_2,hover,L20_Ep2,1,1,2,0.2
0.177256,4.757828,261.404866,LSF_2,hover,L20_Ep2,1,1,2,0.2
0.181828,4.844975,269.484922,LSF_2,hover,L20_Ep2,1,1,2,0.2
0.188926,4.90483,277.05009,LSF_2,hover,L20_Ep2,1,1,2,0.2
0.171302,4.820618,266.192787,LSF_2,hover,L20_Ep2,1,1,2,0.2
0.183276,4.732917,269.781732,LSF_2,hover,L20_Ep2,1,1,2,0.2
0.172983,4.846902,258.450812,LSF_2,hover,L20_Ep2,1,1,2,0.2
0.173731,4.936845,277.30308,LSF_2,hover,L20_Ep2,1,1,2,0.2
0.184789,4.893219,267.494909,LSF_2,hover,L20_Ep2,1,1,2,0.2
0.173845,5.012005,283.709302,LSF_2,hover,L20_Ep2,1,1,2,0.2
0.169569,4.911513,270.259105,LSF_2,hover,L20_Ep2,1,1,2,0.2
0.176881,4.755252,269.994171,LSF_2,hover,L20_Ep2,1,1,2,0.2
0.177548,4.688055,276.201048,LSF_2,hover,L20_Ep2,1,1,2,0.2
0.171304,4.660912,246.113384,LSF_2,hover,L20_Ep2,1,1,2,0.2
0.175569,4.941798,284.669537,LSF_2,hover,L20_Ep2,1,1,2,0.2
0.183767,5.00453,281.1246,LSF_2,hover,L20_Ep2,1,1,2,0.2
0.173985,5.029245,271.698978,LSF_2,hover,L20_Ep2,1,1,2,0.2
0.140596,3.935434,319.591476,LSF_2,hover,L20_Ep4,1,1,2,0.4
0.136195,3.885374,337.265542,LSF_2,hover,L20_Ep4,1,1,2,0.4
0.146355,3.845574,295.945971,LSF_2,hover,L20_Ep4,1,1,2,0.4
0.138438,4.026299,304.707192,LSF_2,hover,L20_Ep4,1,1,2,0.4
0.141537,3.824933,310.002019,LSF_2,hover,L20_Ep4,1,1,2,0.4
0.138274,3.75432,294.351125,LSF_2,hover,L20_Ep4,1,1,2,0.4
0.136254,3.733962,295.002163,LSF_2,hover,L20_Ep4,1,1,2,0.4
0.148373,4.037497,284.71151,LSF_2,hover,L20_Ep4,1,1,2,0.4
0.13989,3.755864,286.331861,LSF_2,hover,L20_Ep4,1,1,2,0.4
0.146988,3.723927,297.09503,LSF_2,hover,L20_Ep4,1,1,2,0.4
0.144672,3.926047,294.554463,LSF_2,hover,L20_Ep4,1,1,2,0.4
0.141728,3.73006,303.913436,LSF_2,hover,L20_Ep4,1,1,2,0.4
0.147974,3.977471,313.133525,LSF_2,hover,L20_Ep4,1,1,2,0.4
0.14452,3.740013,302.792606,LSF_2,hover,L20_Ep4,1,1,2,0.4
0.143195,3.770634,289.630915,LSF_2,hover,L20_Ep4,1,1,2,0.4
0.144345,3.974008,314.264602,LSF_2,hover,L20_Ep4,1,1,2,0.4
0.146793,3.926446,316.315503,LSF_2,hover,L20_Ep4,1,1,2,0.4
0.134121,3.962004,300.207463,LSF_2,hover,L20_Ep4,1,1,2,0.4
0.13111,3.919516,316.752514,LSF_2,hover,L20_Ep4,1,1,2,0.4
0.149983,3.73185,313.839755,LSF_2,hover,L20_Ep4,1,1,2,0.4
0.139106,3.802409,298.70619,LSF_2,hover,L20_Ep4,1,1,2,0.4
0.150303,3.826214,295.543008,LSF_2,hover,L20_Ep4,1,1,2,0.4
0.149369,3.837123,361.107008,LSF_2,hover,L20_Ep4,1,1,2,0.4
0.148143,4.013251,312.110941,LSF_2,hover,L20_Ep4,1,1,2,0.4
0.148866,3.840424,291.727012,LSF_2,hover,L20_Ep4,1,1,2,0.4
0.144989,3.956701,309.540158,LSF_2,hover,L20_Ep4,1,1,2,0.4
0.153989,3.723039,298.324373,LSF_2,hover,L20_Ep4,1,1,2,0.4
0.149747,3.97707,310.357261,LSF_2,hover,L20_Ep4,1,1,2,0.4
0.142226,3.854744,298.23365,LSF_2,hover,L20_Ep4,1,1,2,0.4
0.141928,4.043409,306.972883,LSF_2,hover,L20_Ep4,1,1,2,0.4
0.146022,3.770978,309.98402,LSF_2,hover,L20_Ep4,1,1,2,0.4
0.149392,3.903491,293.495169,LSF_2,hover,L20_Ep4,1,1,2,0.4
0.138076,3.869293,442.703094,LSF_2,hover,L20_Ep4,1,1,2,0.4
0.14443,3.625663,384.367567,LSF_2,hover,L20_Ep4,1,1,2,0.4
0.137493,3.810372,292.596097,LSF_2,hover,L20_Ep4,1,1,2,0.4
0.146084,3.751372,289.533356,LSF_2,hover,L20_Ep4,1,1,2,0.4
0.148496,3.859423,296.422598,LSF_2,hover,L20_Ep4,1,1,2,0.4
0.147875,3.884862,289.336741,LSF_2,hover,L20_Ep4,1,1,2,0.4
0.146449,3.856827,302.413635,LSF_2,hover,L20_Ep4,1,1,2,0.4
0.135701,3.879751,294.649992,LSF_2,hover,L20_Ep4,1,1,2,0.4