Tracking_Error,abdo_mass,length_scale,petiole_length,torsional_spring
0.12201500000000001,0.1,1.0,0.0,0.1
0.11848900000000001,0.1,1.0,0.0,0.1
0.127112,0.1,1.0,0.0,0.1
0.11889000000000001,0.1,1.0,0.0,0.1
0.11591800000000001,0.1,1.0,0.0,0.1
0.118827,0.1,1.0,0.0,0.1
0.115402,0.1,1.0,0.0,0.1
0.123402,0.1,1.0,0.0,0.1
0.126108,0.1,1.0,0.0,0.1
0.12078499999999999,0.1,1.0,0.0,0.1
0.123931,0.1,1.0,0.0,0.1
0.11863399999999999,0.1,1.0,0.0,0.1
0.11749200000000001,0.1,1.0,0.0,0.1
0.129146,0.1,1.0,0.0,0.1
0.119479,0.1,1.0,0.0,0.1
0.12410999999999998,0.1,1.0,0.0,0.1
0.11696300000000001,0.1,1.0,0.0,0.1
0.11783900000000001,0.1,1.0,0.0,0.1
0.129411,0.1,1.0,0.0,0.1
0.11824000000000001,0.1,1.0,0.0,0.1
0.112998,0.1,1.0,0.0,0.1
0.112469,0.1,1.0,0.0,0.1
0.116775,0.1,1.0,0.0,0.1
0.119149,0.1,1.0,0.0,0.1
0.11917699999999999,0.1,1.0,0.0,0.1
0.12147899999999999,0.1,1.0,0.0,0.1
0.118346,0.1,1.0,0.0,0.1
0.129141,0.1,1.0,0.0,0.1
0.13076500000000002,0.1,1.0,0.0,0.1
0.11703599999999999,0.1,1.0,0.0,0.1
0.12421099999999999,0.1,1.0,0.0,0.1
0.12131800000000001,0.1,1.0,0.0,0.1
0.120547,0.1,1.0,0.0,0.1
0.124231,0.1,1.0,0.0,0.1
0.115397,0.1,1.0,0.0,0.1
0.11602799999999999,0.1,1.0,0.0,0.1
0.122281,0.1,1.0,0.0,0.1
0.11873199999999999,0.1,1.0,0.0,0.1
0.133239,0.1,1.0,0.0,0.1
0.11856099999999999,0.1,1.0,0.0,0.1
0.11245999999999999,0.1,1.0,0.0,1.0
0.118476,0.1,1.0,0.0,1.0
0.109126,0.1,1.0,0.0,1.0
0.126125,0.1,1.0,0.0,1.0
0.126059,0.1,1.0,0.0,1.0
0.12343499999999999,0.1,1.0,0.0,1.0
0.1195,0.1,1.0,0.0,1.0
0.118717,0.1,1.0,0.0,1.0
0.12011600000000001,0.1,1.0,0.0,1.0
0.12263299999999999,0.1,1.0,0.0,1.0
0.122367,0.1,1.0,0.0,1.0
0.12896300000000002,0.1,1.0,0.0,1.0
0.113918,0.1,1.0,0.0,1.0
0.11578,0.1,1.0,0.0,1.0
0.121255,0.1,1.0,0.0,1.0
0.118256,0.1,1.0,0.0,1.0
0.115917,0.1,1.0,0.0,1.0
0.11183199999999999,0.1,1.0,0.0,1.0
0.11831300000000002,0.1,1.0,0.0,1.0
0.118256,0.1,1.0,0.0,1.0
0.12056199999999999,0.1,1.0,0.0,1.0
0.112205,0.1,1.0,0.0,1.0
0.12181900000000001,0.1,1.0,0.0,1.0
0.113325,0.1,1.0,0.0,1.0
0.112121,0.1,1.0,0.0,1.0
0.12173599999999998,0.1,1.0,0.0,1.0
0.112883,0.1,1.0,0.0,1.0
0.12208800000000002,0.1,1.0,0.0,1.0
0.11467000000000001,0.1,1.0,0.0,1.0
0.12046199999999999,0.1,1.0,0.0,1.0
0.10953299999999999,0.1,1.0,0.0,1.0
0.11634000000000001,0.1,1.0,0.0,1.0
0.11893599999999999,0.1,1.0,0.0,1.0
0.11566300000000002,0.1,1.0,0.0,1.0
0.12262100000000001,0.1,1.0,0.0,1.0
0.118987,0.1,1.0,0.0,1.0
0.104191,0.1,1.0,0.0,1.0
0.119023,0.1,1.0,0.0,1.0
0.12250799999999999,0.1,1.0,0.0,1.0
0.120122,0.1,1.0,0.0,1.0
0.12347899999999999,0.1,1.0,0.0,10.0
0.11998099999999999,0.1,1.0,0.0,10.0
0.118996,0.1,1.0,0.0,10.0
0.115673,0.1,1.0,0.0,10.0
0.106306,0.1,1.0,0.0,10.0
0.115192,0.1,1.0,0.0,10.0
0.11781199999999999,0.1,1.0,0.0,10.0
0.121201,0.1,1.0,0.0,10.0
0.12293399999999999,0.1,1.0,0.0,10.0
0.11573399999999999,0.1,1.0,0.0,10.0
0.117148,0.1,1.0,0.0,10.0
0.12501400000000001,0.1,1.0,0.0,10.0
0.12006099999999999,0.1,1.0,0.0,10.0
0.11676800000000001,0.1,1.0,0.0,10.0
0.117861,0.1,1.0,0.0,10.0
0.125176,0.1,1.0,0.0,10.0
0.11841900000000001,0.1,1.0,0.0,10.0
0.115523,0.1,1.0,0.0,10.0
0.114223,0.1,1.0,0.0,10.0
0.119279,0.1,1.0,0.0,10.0
0.12156199999999999,0.1,1.0,0.0,10.0
0.11432,0.1,1.0,0.0,10.0
0.117449,0.1,1.0,0.0,10.0
0.11064600000000001,0.1,1.0,0.0,10.0
0.11289,0.1,1.0,0.0,10.0
0.12359400000000001,0.1,1.0,0.0,10.0
0.113507,0.1,1.0,0.0,10.0
0.117074,0.1,1.0,0.0,10.0
0.127827,0.1,1.0,0.0,10.0
0.110873,0.1,1.0,0.0,10.0
0.12403800000000001,0.1,1.0,0.0,10.0
0.11942699999999999,0.1,1.0,0.0,10.0
0.117075,0.1,1.0,0.0,10.0
0.127376,0.1,1.0,0.0,10.0
0.111542,0.1,1.0,0.0,10.0
0.11693599999999998,0.1,1.0,0.0,10.0
0.11561700000000001,0.1,1.0,0.0,10.0
0.119174,0.1,1.0,0.0,10.0
0.121387,0.1,1.0,0.0,10.0
0.11556099999999998,0.1,1.0,0.0,10.0
0.039318,1.0,1.0,0.0,0.1
0.038064999999999995,1.0,1.0,0.0,0.1
0.040820999999999996,1.0,1.0,0.0,0.1
0.03776,1.0,1.0,0.0,0.1
0.037192,1.0,1.0,0.0,0.1
0.037616000000000004,1.0,1.0,0.0,0.1
0.038325,1.0,1.0,0.0,0.1
0.041063,1.0,1.0,0.0,0.1
0.037231,1.0,1.0,0.0,0.1
0.037103,1.0,1.0,0.0,0.1
0.038945,1.0,1.0,0.0,0.1
0.034259,1.0,1.0,0.0,0.1
0.041038,1.0,1.0,0.0,0.1
0.039228,1.0,1.0,0.0,0.1
0.038743,1.0,1.0,0.0,0.1
0.040167,1.0,1.0,0.0,0.1
0.037587999999999996,1.0,1.0,0.0,0.1
0.037675,1.0,1.0,0.0,0.1
0.036636,1.0,1.0,0.0,0.1
0.037322,1.0,1.0,0.0,0.1
0.037148,1.0,1.0,0.0,0.1
0.039538,1.0,1.0,0.0,0.1
0.037645,1.0,1.0,0.0,0.1
0.039464,1.0,1.0,0.0,0.1
0.038333,1.0,1.0,0.0,0.1
0.040643,1.0,1.0,0.0,0.1
0.037827,1.0,1.0,0.0,0.1
0.037879,1.0,1.0,0.0,0.1
0.036811,1.0,1.0,0.0,0.1
0.039585,1.0,1.0,0.0,0.1
0.037951,1.0,1.0,0.0,0.1
0.038838,1.0,1.0,0.0,0.1
0.038976,1.0,1.0,0.0,0.1
0.038885,1.0,1.0,0.0,0.1
0.041453,1.0,1.0,0.0,0.1
0.038279,1.0,1.0,0.0,0.1
0.039644,1.0,1.0,0.0,0.1
0.039316000000000004,1.0,1.0,0.0,0.1
0.040856,1.0,1.0,0.0,0.1
0.037698,1.0,1.0,0.0,0.1
0.038027,1.0,1.0,0.0,1.0
0.040666,1.0,1.0,0.0,1.0
0.039563,1.0,1.0,0.0,1.0
0.038313,1.0,1.0,0.0,1.0
0.036907999999999996,1.0,1.0,0.0,1.0
0.038508999999999995,1.0,1.0,0.0,1.0
0.036368,1.0,1.0,0.0,1.0
0.037023,1.0,1.0,0.0,1.0
0.037978,1.0,1.0,0.0,1.0
0.039505,1.0,1.0,0.0,1.0
0.037516,1.0,1.0,0.0,1.0
0.038197,1.0,1.0,0.0,1.0
0.037627999999999995,1.0,1.0,0.0,1.0
0.03782,1.0,1.0,0.0,1.0
0.039429,1.0,1.0,0.0,1.0
0.037945,1.0,1.0,0.0,1.0
0.038554000000000005,1.0,1.0,0.0,1.0
0.037982999999999996,1.0,1.0,0.0,1.0
0.040228,1.0,1.0,0.0,1.0
0.038824000000000004,1.0,1.0,0.0,1.0
0.037699,1.0,1.0,0.0,1.0
0.036998,1.0,1.0,0.0,1.0
0.035936,1.0,1.0,0.0,1.0
0.03594,1.0,1.0,0.0,1.0
0.038326,1.0,1.0,0.0,1.0
0.037801999999999995,1.0,1.0,0.0,1.0
0.038592,1.0,1.0,0.0,1.0
0.036854000000000005,1.0,1.0,0.0,1.0
0.037247,1.0,1.0,0.0,1.0
0.03798,1.0,1.0,0.0,1.0
0.037929000000000004,1.0,1.0,0.0,1.0
0.038209,1.0,1.0,0.0,1.0
0.037191,1.0,1.0,0.0,1.0
0.038516,1.0,1.0,0.0,1.0
0.038171,1.0,1.0,0.0,1.0
0.036519,1.0,1.0,0.0,1.0
0.037401,1.0,1.0,0.0,1.0
0.037751,1.0,1.0,0.0,1.0
0.037828,1.0,1.0,0.0,1.0
0.038396,1.0,1.0,0.0,1.0
0.040319,1.0,1.0,0.0,10.0
0.042612,1.0,1.0,0.0,10.0
0.036382,1.0,1.0,0.0,10.0
0.039874,1.0,1.0,0.0,10.0
0.036521,1.0,1.0,0.0,10.0
0.039774000000000004,1.0,1.0,0.0,10.0
0.037023,1.0,1.0,0.0,10.0
0.038419999999999996,1.0,1.0,0.0,10.0
0.040267000000000004,1.0,1.0,0.0,10.0
0.039524000000000004,1.0,1.0,0.0,10.0
0.039213,1.0,1.0,0.0,10.0
0.040664,1.0,1.0,0.0,10.0
0.037129,1.0,1.0,0.0,10.0
0.035506,1.0,1.0,0.0,10.0
0.039298,1.0,1.0,0.0,10.0
0.038024,1.0,1.0,0.0,10.0
0.037565,1.0,1.0,0.0,10.0
0.040401,1.0,1.0,0.0,10.0
0.039195,1.0,1.0,0.0,10.0
0.037545999999999996,1.0,1.0,0.0,10.0
0.036451,1.0,1.0,0.0,10.0
0.038014,1.0,1.0,0.0,10.0
0.039079,1.0,1.0,0.0,10.0
0.036542000000000005,1.0,1.0,0.0,10.0
0.040216,1.0,1.0,0.0,10.0
0.036826,1.0,1.0,0.0,10.0
0.036164,1.0,1.0,0.0,10.0
0.035281,1.0,1.0,0.0,10.0
0.037649,1.0,1.0,0.0,10.0
0.038452,1.0,1.0,0.0,10.0
0.03828,1.0,1.0,0.0,10.0
0.037728,1.0,1.0,0.0,10.0
0.036142,1.0,1.0,0.0,10.0
0.039976,1.0,1.0,0.0,10.0
0.039022,1.0,1.0,0.0,10.0
0.036368,1.0,1.0,0.0,10.0
0.037642,1.0,1.0,0.0,10.0
0.038266,1.0,1.0,0.0,10.0
0.037188,1.0,1.0,0.0,10.0
0.036293,1.0,1.0,0.0,10.0
0.018639,10.0,1.0,0.0,0.1
0.018027,10.0,1.0,0.0,0.1
0.018088,10.0,1.0,0.0,0.1
0.018803999999999998,10.0,1.0,0.0,0.1
0.017598,10.0,1.0,0.0,0.1
0.019672,10.0,1.0,0.0,0.1
0.017419999999999998,10.0,1.0,0.0,0.1
0.019049,10.0,1.0,0.0,0.1
0.017956,10.0,1.0,0.0,0.1
0.018516,10.0,1.0,0.0,0.1
0.018300999999999998,10.0,1.0,0.0,0.1
0.017631,10.0,1.0,0.0,0.1
0.019299,10.0,1.0,0.0,0.1
0.018082,10.0,1.0,0.0,0.1
0.018646,10.0,1.0,0.0,0.1
0.020718,10.0,1.0,0.0,0.1
0.018174,10.0,1.0,0.0,0.1
0.017921,10.0,1.0,0.0,0.1
0.018387,10.0,1.0,0.0,0.1
0.016057,10.0,1.0,0.0,0.1
0.018775999999999998,10.0,1.0,0.0,0.1
0.018357,10.0,1.0,0.0,0.1
0.020585,10.0,1.0,0.0,0.1
0.018379,10.0,1.0,0.0,0.1
0.018281,10.0,1.0,0.0,0.1
0.01681,10.0,1.0,0.0,0.1
0.018374,10.0,1.0,0.0,0.1
0.017275,10.0,1.0,0.0,0.1
0.018484999999999998,10.0,1.0,0.0,0.1
0.018846,10.0,1.0,0.0,0.1
0.0182,10.0,1.0,0.0,0.1
0.018751,10.0,1.0,0.0,0.1
0.018432,10.0,1.0,0.0,0.1
0.019222,10.0,1.0,0.0,0.1
0.01901,10.0,1.0,0.0,0.1
0.018862999999999998,10.0,1.0,0.0,0.1
0.018221,10.0,1.0,0.0,0.1
0.018335,10.0,1.0,0.0,0.1
0.018234,10.0,1.0,0.0,0.1
0.018646,10.0,1.0,0.0,0.1
0.015602000000000001,10.0,1.0,0.0,1.0
0.01642,10.0,1.0,0.0,1.0
0.016019,10.0,1.0,0.0,1.0
0.016017,10.0,1.0,0.0,1.0
0.016272,10.0,1.0,0.0,1.0
0.016451,10.0,1.0,0.0,1.0
0.017305,10.0,1.0,0.0,1.0
0.01589,10.0,1.0,0.0,1.0
0.017858000000000002,10.0,1.0,0.0,1.0
0.017074000000000002,10.0,1.0,0.0,1.0
0.015706,10.0,1.0,0.0,1.0
0.016452,10.0,1.0,0.0,1.0
0.016782,10.0,1.0,0.0,1.0
0.015434999999999999,10.0,1.0,0.0,1.0
0.017633000000000003,10.0,1.0,0.0,1.0
0.015691,10.0,1.0,0.0,1.0
0.016924,10.0,1.0,0.0,1.0
0.017197999999999998,10.0,1.0,0.0,1.0
0.016179,10.0,1.0,0.0,1.0
0.016156,10.0,1.0,0.0,1.0
0.015944,10.0,1.0,0.0,1.0
0.016933,10.0,1.0,0.0,1.0
0.017125,10.0,1.0,0.0,1.0
0.016525,10.0,1.0,0.0,1.0
0.017297,10.0,1.0,0.0,1.0
0.01615,10.0,1.0,0.0,1.0
0.014999,10.0,1.0,0.0,1.0
0.015875999999999998,10.0,1.0,0.0,1.0
0.01548,10.0,1.0,0.0,1.0
0.016166999999999997,10.0,1.0,0.0,1.0
0.017159999999999998,10.0,1.0,0.0,1.0
0.015762,10.0,1.0,0.0,1.0
0.017641999999999998,10.0,1.0,0.0,1.0
0.015902,10.0,1.0,0.0,1.0
0.016482,10.0,1.0,0.0,1.0
0.016464,10.0,1.0,0.0,1.0
0.016753,10.0,1.0,0.0,1.0
0.016935,10.0,1.0,0.0,1.0
0.014978,10.0,1.0,0.0,1.0
0.015803,10.0,1.0,0.0,1.0
0.013299,10.0,1.0,0.0,10.0
0.013784000000000001,10.0,1.0,0.0,10.0
0.014482,10.0,1.0,0.0,10.0
0.014134,10.0,1.0,0.0,10.0
0.014094999999999998,10.0,1.0,0.0,10.0
0.012884,10.0,1.0,0.0,10.0
0.014549000000000001,10.0,1.0,0.0,10.0
0.013486000000000001,10.0,1.0,0.0,10.0
0.015507,10.0,1.0,0.0,10.0
0.013503999999999999,10.0,1.0,0.0,10.0
0.013849,10.0,1.0,0.0,10.0
0.013692,10.0,1.0,0.0,10.0
0.013903,10.0,1.0,0.0,10.0
0.012897,10.0,1.0,0.0,10.0
0.014212,10.0,1.0,0.0,10.0
0.014195,10.0,1.0,0.0,10.0
0.016019,10.0,1.0,0.0,10.0
0.014490000000000001,10.0,1.0,0.0,10.0
0.01439,10.0,1.0,0.0,10.0
0.015066999999999999,10.0,1.0,0.0,10.0
0.014445,10.0,1.0,0.0,10.0
0.013309999999999999,10.0,1.0,0.0,10.0
0.013591999999999998,10.0,1.0,0.0,10.0
0.014551,10.0,1.0,0.0,10.0
0.014236000000000002,10.0,1.0,0.0,10.0
0.013808,10.0,1.0,0.0,10.0
0.013763999999999998,10.0,1.0,0.0,10.0
0.014718,10.0,1.0,0.0,10.0
0.013902000000000001,10.0,1.0,0.0,10.0
0.014176,10.0,1.0,0.0,10.0
0.014228999999999999,10.0,1.0,0.0,10.0
0.013992,10.0,1.0,0.0,10.0
0.013975,10.0,1.0,0.0,10.0
0.013572999999999998,10.0,1.0,0.0,10.0
0.014757,10.0,1.0,0.0,10.0
0.013826,10.0,1.0,0.0,10.0
0.014275,10.0,1.0,0.0,10.0
0.014368,10.0,1.0,0.0,10.0
0.013654,10.0,1.0,0.0,10.0
0.014909,10.0,1.0,0.0,10.0
0.103974,1.0,0.5,0.0,1.0
0.101292,1.0,0.5,0.0,1.0
0.103949,1.0,0.5,0.0,1.0
0.102979,1.0,0.5,0.0,1.0
0.106572,1.0,0.5,0.0,1.0
0.10092899999999999,1.0,0.5,0.0,1.0
0.10266800000000001,1.0,0.5,0.0,1.0
0.10005499999999999,1.0,0.5,0.0,1.0
0.10699700000000001,1.0,0.5,0.0,1.0
0.095308,1.0,0.5,0.0,1.0
0.10507899999999999,1.0,0.5,0.0,1.0
0.10092999999999999,1.0,0.5,0.0,1.0
0.110347,1.0,0.5,0.0,1.0
0.10383699999999998,1.0,0.5,0.0,1.0
0.098486,1.0,0.5,0.0,1.0
0.10481800000000001,1.0,0.5,0.0,1.0
0.10538,1.0,0.5,0.0,1.0
0.110547,1.0,0.5,0.0,1.0
0.098592,1.0,0.5,0.0,1.0
0.10661400000000001,1.0,0.5,0.0,1.0
0.102752,1.0,0.5,0.0,1.0
0.09897,1.0,0.5,0.0,1.0
0.106733,1.0,0.5,0.0,1.0
0.102389,1.0,0.5,0.0,1.0
0.105556,1.0,0.5,0.0,1.0
0.10793900000000001,1.0,0.5,0.0,1.0
0.107905,1.0,0.5,0.0,1.0
0.106401,1.0,0.5,0.0,1.0
0.10344300000000001,1.0,0.5,0.0,1.0
0.10796300000000002,1.0,0.5,0.0,1.0
0.09853300000000001,1.0,0.5,0.0,1.0
0.101744,1.0,0.5,0.0,1.0
0.104203,1.0,0.5,0.0,1.0
0.105274,1.0,0.5,0.0,1.0
0.10333599999999998,1.0,0.5,0.0,1.0
0.109071,1.0,0.5,0.0,1.0
0.10084800000000001,1.0,0.5,0.0,1.0
0.102612,1.0,0.5,0.0,1.0
0.107323,1.0,0.5,0.0,1.0
0.103723,1.0,0.5,0.0,1.0
0.064974,1.0,0.5,0.2,1.0
0.060092999999999994,1.0,0.5,0.2,1.0
0.060145000000000004,1.0,0.5,0.2,1.0
0.060235000000000004,1.0,0.5,0.2,1.0
0.061947,1.0,0.5,0.2,1.0
0.060516999999999994,1.0,0.5,0.2,1.0
0.059127,1.0,0.5,0.2,1.0
0.059516999999999994,1.0,0.5,0.2,1.0
0.060286,1.0,0.5,0.2,1.0
0.064015,1.0,0.5,0.2,1.0
0.066354,1.0,0.5,0.2,1.0
0.061901,1.0,0.5,0.2,1.0
0.060811000000000004,1.0,0.5,0.2,1.0
0.058098000000000004,1.0,0.5,0.2,1.0
0.060212,1.0,0.5,0.2,1.0
0.064247,1.0,0.5,0.2,1.0
0.062955,1.0,0.5,0.2,1.0
0.0604,1.0,0.5,0.2,1.0
0.061741,1.0,0.5,0.2,1.0
0.06125800000000001,1.0,0.5,0.2,1.0
0.063127,1.0,0.5,0.2,1.0
0.059038,1.0,0.5,0.2,1.0
0.064697,1.0,0.5,0.2,1.0
0.06318700000000001,1.0,0.5,0.2,1.0
0.060184,1.0,0.5,0.2,1.0
0.065308,1.0,0.5,0.2,1.0
0.062185000000000004,1.0,0.5,0.2,1.0
0.060827,1.0,0.5,0.2,1.0
0.059721,1.0,0.5,0.2,1.0
0.061266999999999995,1.0,0.5,0.2,1.0
0.062149,1.0,0.5,0.2,1.0
0.05864,1.0,0.5,0.2,1.0
0.063715,1.0,0.5,0.2,1.0
0.064207,1.0,0.5,0.2,1.0
0.060303999999999996,1.0,0.5,0.2,1.0
0.064846,1.0,0.5,0.2,1.0
0.061637,1.0,0.5,0.2,1.0
0.05996900000000001,1.0,0.5,0.2,1.0
0.064706,1.0,0.5,0.2,1.0
0.058236,1.0,0.5,0.2,1.0
0.039223,1.0,0.5,0.4,1.0
0.035227,1.0,0.5,0.4,1.0
0.036224,1.0,0.5,0.4,1.0
0.038607999999999996,1.0,0.5,0.4,1.0
0.041519,1.0,0.5,0.4,1.0
0.039888,1.0,0.5,0.4,1.0
0.039747000000000005,1.0,0.5,0.4,1.0
0.039153,1.0,0.5,0.4,1.0
0.039087000000000004,1.0,0.5,0.4,1.0
0.038835,1.0,0.5,0.4,1.0
0.039739,1.0,0.5,0.4,1.0
0.039125,1.0,0.5,0.4,1.0
0.041871,1.0,0.5,0.4,1.0
0.037081,1.0,0.5,0.4,1.0
0.036445,1.0,0.5,0.4,1.0
0.037655,1.0,0.5,0.4,1.0
0.038858,1.0,0.5,0.4,1.0
0.041495,1.0,0.5,0.4,1.0
0.039633999999999996,1.0,0.5,0.4,1.0
0.039561,1.0,0.5,0.4,1.0
0.036952,1.0,0.5,0.4,1.0
0.035567,1.0,0.5,0.4,1.0
0.036633,1.0,0.5,0.4,1.0
0.038952,1.0,0.5,0.4,1.0
0.038519,1.0,0.5,0.4,1.0
0.039292,1.0,0.5,0.4,1.0
0.0381,1.0,0.5,0.4,1.0
0.040905000000000004,1.0,0.5,0.4,1.0
0.038051,1.0,0.5,0.4,1.0
0.038544,1.0,0.5,0.4,1.0
0.03986,1.0,0.5,0.4,1.0
0.03914,1.0,0.5,0.4,1.0
0.038698,1.0,0.5,0.4,1.0
0.04052,1.0,0.5,0.4,1.0
0.040741,1.0,0.5,0.4,1.0
0.039286,1.0,0.5,0.4,1.0
0.03832,1.0,0.5,0.4,1.0
0.038196,1.0,0.5,0.4,1.0
0.039157,1.0,0.5,0.4,1.0
0.038457,1.0,0.5,0.4,1.0
0.021784,1.0,1.0,0.2,1.0
0.023136,1.0,1.0,0.2,1.0
0.021396000000000002,1.0,1.0,0.2,1.0
0.024146,1.0,1.0,0.2,1.0
0.022905000000000002,1.0,1.0,0.2,1.0
0.023191,1.0,1.0,0.2,1.0
0.022758,1.0,1.0,0.2,1.0
0.024151,1.0,1.0,0.2,1.0
0.021418,1.0,1.0,0.2,1.0
0.02393,1.0,1.0,0.2,1.0
0.022473,1.0,1.0,0.2,1.0
0.023458,1.0,1.0,0.2,1.0
0.024619,1.0,1.0,0.2,1.0
0.023822,1.0,1.0,0.2,1.0
0.024461,1.0,1.0,0.2,1.0
0.023157,1.0,1.0,0.2,1.0
0.022556,1.0,1.0,0.2,1.0
0.022775999999999998,1.0,1.0,0.2,1.0
0.023334999999999998,1.0,1.0,0.2,1.0
0.023737,1.0,1.0,0.2,1.0
0.022082,1.0,1.0,0.2,1.0
0.022914,1.0,1.0,0.2,1.0
0.023257,1.0,1.0,0.2,1.0
0.022752,1.0,1.0,0.2,1.0
0.024196000000000002,1.0,1.0,0.2,1.0
0.022892,1.0,1.0,0.2,1.0
0.023357,1.0,1.0,0.2,1.0
0.023555,1.0,1.0,0.2,1.0
0.023158,1.0,1.0,0.2,1.0
0.023011,1.0,1.0,0.2,1.0
0.023013,1.0,1.0,0.2,1.0
0.022844,1.0,1.0,0.2,1.0
0.023237999999999998,1.0,1.0,0.2,1.0
0.023173,1.0,1.0,0.2,1.0
0.023073,1.0,1.0,0.2,1.0
0.023944,1.0,1.0,0.2,1.0
0.022047999999999998,1.0,1.0,0.2,1.0
0.023197,1.0,1.0,0.2,1.0
0.023128,1.0,1.0,0.2,1.0
0.022271,1.0,1.0,0.2,1.0
0.015421,1.0,1.0,0.4,1.0
0.01524,1.0,1.0,0.4,1.0
0.01519,1.0,1.0,0.4,1.0
0.014561000000000001,1.0,1.0,0.4,1.0
0.015374,1.0,1.0,0.4,1.0
0.015356,1.0,1.0,0.4,1.0
0.015422,1.0,1.0,0.4,1.0
0.015022999999999998,1.0,1.0,0.4,1.0
0.014286000000000002,1.0,1.0,0.4,1.0
0.015108000000000002,1.0,1.0,0.4,1.0
0.014672999999999999,1.0,1.0,0.4,1.0
0.015541,1.0,1.0,0.4,1.0
0.015566,1.0,1.0,0.4,1.0
0.013756,1.0,1.0,0.4,1.0
0.015925,1.0,1.0,0.4,1.0
0.014785,1.0,1.0,0.4,1.0
0.015484999999999999,1.0,1.0,0.4,1.0
0.014296000000000001,1.0,1.0,0.4,1.0
0.014594,1.0,1.0,0.4,1.0
0.016184999999999998,1.0,1.0,0.4,1.0
0.014471000000000001,1.0,1.0,0.4,1.0
0.014706,1.0,1.0,0.4,1.0
0.015593000000000001,1.0,1.0,0.4,1.0
0.016171,1.0,1.0,0.4,1.0
0.015184,1.0,1.0,0.4,1.0
0.014234,1.0,1.0,0.4,1.0
0.015622,1.0,1.0,0.4,1.0
0.015590000000000001,1.0,1.0,0.4,1.0
0.014188999999999998,1.0,1.0,0.4,1.0
0.015288999999999999,1.0,1.0,0.4,1.0
0.015294,1.0,1.0,0.4,1.0
0.015441,1.0,1.0,0.4,1.0
0.015275,1.0,1.0,0.4,1.0
0.014454,1.0,1.0,0.4,1.0
0.015205000000000002,1.0,1.0,0.4,1.0
0.014806999999999999,1.0,1.0,0.4,1.0
0.01489,1.0,1.0,0.4,1.0
0.015109000000000001,1.0,1.0,0.4,1.0
0.014859,1.0,1.0,0.4,1.0
0.01563,1.0,1.0,0.4,1.0
0.020482,1.0,2.0,0.0,1.0
0.019121,1.0,2.0,0.0,1.0
0.019722999999999997,1.0,2.0,0.0,1.0
0.020002000000000002,1.0,2.0,0.0,1.0
0.019379,1.0,2.0,0.0,1.0
0.018619,1.0,2.0,0.0,1.0
0.019334,1.0,2.0,0.0,1.0
0.019985,1.0,2.0,0.0,1.0
0.019538999999999997,1.0,2.0,0.0,1.0
0.019377000000000002,1.0,2.0,0.0,1.0
0.01939,1.0,2.0,0.0,1.0
0.019592,1.0,2.0,0.0,1.0
0.020358,1.0,2.0,0.0,1.0
0.019705,1.0,2.0,0.0,1.0
0.021041,1.0,2.0,0.0,1.0
0.01989,1.0,2.0,0.0,1.0
0.019013,1.0,2.0,0.0,1.0
0.020176,1.0,2.0,0.0,1.0
0.018418,1.0,2.0,0.0,1.0
0.019684,1.0,2.0,0.0,1.0
0.020083,1.0,2.0,0.0,1.0
0.019795,1.0,2.0,0.0,1.0
0.021169,1.0,2.0,0.0,1.0
0.020658000000000003,1.0,2.0,0.0,1.0
0.020763999999999998,1.0,2.0,0.0,1.0
0.020311000000000003,1.0,2.0,0.0,1.0
0.020687,1.0,2.0,0.0,1.0
0.019464,1.0,2.0,0.0,1.0
0.021021,1.0,2.0,0.0,1.0
0.019268,1.0,2.0,0.0,1.0
0.019508,1.0,2.0,0.0,1.0
0.019418,1.0,2.0,0.0,1.0
0.019783000000000002,1.0,2.0,0.0,1.0
0.019916,1.0,2.0,0.0,1.0
0.020281999999999998,1.0,2.0,0.0,1.0
0.020311000000000003,1.0,2.0,0.0,1.0
0.019849000000000002,1.0,2.0,0.0,1.0
0.019785,1.0,2.0,0.0,1.0
0.021152,1.0,2.0,0.0,1.0
0.020742,1.0,2.0,0.0,1.0
0.013383,1.0,2.0,0.2,1.0
0.013827,1.0,2.0,0.2,1.0
0.014184,1.0,2.0,0.2,1.0
0.01291,1.0,2.0,0.2,1.0
0.013266,1.0,2.0,0.2,1.0
0.013608000000000002,1.0,2.0,0.2,1.0
0.013497,1.0,2.0,0.2,1.0
0.013477000000000001,1.0,2.0,0.2,1.0
0.013921000000000001,1.0,2.0,0.2,1.0
0.01311,1.0,2.0,0.2,1.0
0.013722,1.0,2.0,0.2,1.0
0.012731000000000001,1.0,2.0,0.2,1.0
0.013961000000000001,1.0,2.0,0.2,1.0
0.014554,1.0,2.0,0.2,1.0
0.013713999999999999,1.0,2.0,0.2,1.0
0.013924,1.0,2.0,0.2,1.0
0.013538999999999999,1.0,2.0,0.2,1.0
0.013590000000000001,1.0,2.0,0.2,1.0
0.014178999999999999,1.0,2.0,0.2,1.0
0.013386000000000002,1.0,2.0,0.2,1.0
0.014387,1.0,2.0,0.2,1.0
0.013138999999999998,1.0,2.0,0.2,1.0
0.013704,1.0,2.0,0.2,1.0
0.014085,1.0,2.0,0.2,1.0
0.013654,1.0,2.0,0.2,1.0
0.013683,1.0,2.0,0.2,1.0
0.013349000000000001,1.0,2.0,0.2,1.0
0.013066999999999999,1.0,2.0,0.2,1.0
0.012863,1.0,2.0,0.2,1.0
0.013787,1.0,2.0,0.2,1.0
0.013147999999999998,1.0,2.0,0.2,1.0
0.013061000000000001,1.0,2.0,0.2,1.0
0.013890000000000001,1.0,2.0,0.2,1.0
0.013393,1.0,2.0,0.2,1.0
0.014075,1.0,2.0,0.2,1.0
0.014265,1.0,2.0,0.2,1.0
0.013297,1.0,2.0,0.2,1.0
0.013213999999999998,1.0,2.0,0.2,1.0
0.014256999999999999,1.0,2.0,0.2,1.0
0.013064,1.0,2.0,0.2,1.0
0.009822,1.0,2.0,0.4,1.0
0.009382,1.0,2.0,0.4,1.0
0.009381,1.0,2.0,0.4,1.0
0.009424,1.0,2.0,0.4,1.0
0.010173,1.0,2.0,0.4,1.0
0.010152,1.0,2.0,0.4,1.0
0.009974,1.0,2.0,0.4,1.0
0.009739,1.0,2.0,0.4,1.0
0.009745,1.0,2.0,0.4,1.0
0.009489000000000001,1.0,2.0,0.4,1.0
0.009301,1.0,2.0,0.4,1.0
0.009028,1.0,2.0,0.4,1.0
0.009631,1.0,2.0,0.4,1.0
0.009625,1.0,2.0,0.4,1.0
0.009590000000000001,1.0,2.0,0.4,1.0
0.009321,1.0,2.0,0.4,1.0
0.009921,1.0,2.0,0.4,1.0
0.009229000000000001,1.0,2.0,0.4,1.0
0.010014,1.0,2.0,0.4,1.0
0.009029,1.0,2.0,0.4,1.0
0.009268,1.0,2.0,0.4,1.0
0.009720999999999999,1.0,2.0,0.4,1.0
0.009824,1.0,2.0,0.4,1.0
0.01017,1.0,2.0,0.4,1.0
0.010199,1.0,2.0,0.4,1.0
0.009744,1.0,2.0,0.4,1.0
0.009248000000000001,1.0,2.0,0.4,1.0
0.009117,1.0,2.0,0.4,1.0
0.009164,1.0,2.0,0.4,1.0
0.009823,1.0,2.0,0.4,1.0
0.010166,1.0,2.0,0.4,1.0
0.009387999999999999,1.0,2.0,0.4,1.0
0.009812999999999999,1.0,2.0,0.4,1.0
0.009745,1.0,2.0,0.4,1.0
0.009659000000000001,1.0,2.0,0.4,1.0
0.009609999999999999,1.0,2.0,0.4,1.0
0.009512999999999999,1.0,2.0,0.4,1.0
0.009984999999999999,1.0,2.0,0.4,1.0
0.009806,1.0,2.0,0.4,1.0
0.009892,1.0,2.0,0.4,1.0
